Unnamed: 0_level_0,Unnamed: 1_level_0,營業收入,營業收入,營業收入,營業收入,營業收入,累計營業收入,累計營業收入,累計營業收入,備註
公司 代號,公司名稱,當月營收,上月營收,去年當月營收,上月比較 增減(%),去年同月 增減(%),當月累計營收,去年累計營收,前期比較 增減(%),備註
1101,台泥,8953462,8816109,10102468,1.55,-11.37,62827438,58247200,7.86,-
1102,亞泥,6790125,6671130,7864622,1.78,-13.66,47077345,52033498,-9.52,-
1103,嘉泥,266631,277233,178825,-3.82,49.1,1643335,1206188,36.24,-
1104,環泥,637246,604263,580420,5.45,9.79,4391965,3861277,13.74,-
1108,幸福,441143,442961,326691,-0.41,35.03,2855916,2209491,29.25,-
1109,信大,562522,516592,557403,8.89,0.91,3593135,3562279,0.86,-
1110,東泥,168514,181890,134470,-7.35,25.31,1311951,896611,46.32,-
合計,合計,17819643,17510178,19744899,1.76,-9.75,123701085,122016544,1.38,
1201,味全,1987063,1799883,1907939,10.39,4.14,12020982,11371086,5.71,-
1203,味王,498272,474979,514516,4.9,-3.15,3607982,3627051,-0.52,-
1210,大成,8904562,8906040,9161168,-0.01,-2.8,63631564,62496115,1.81,-
1213,大飲,-297,-2485,29503,88.04,-101.0,116848,223225,-47.65,營收大幅衰退，係因四月下旬暫時停工迄今，暫無產品銷售所致。停工後主要銷貨退回單在七月入帳。
1215,卜蜂,2360314,2421623,2400161,-2.53,-1.66,17004401,16438779,3.44,-
1216,統一,54142903,46976325,47295432,15.25,14.47,322943447,302029660,6.92,-
1217,愛之味,482203,419946,512688,14.82,-5.94,2813009,2743960,2.51,-
1218,泰山,1069944,948940,1023417,12.75,4.54,6358367,6365655,-0.11,-
1219,福壽,1403695,1330443,1321525,5.5,6.21,9723108,9813216,-0.91,-
1220,台榮,272888,287673,294528,-5.13,-7.34,1762370,1946562,-9.46,-
1225,福懋油,1215578,1140779,1301087,6.55,-6.57,8495520,8615383,-1.39,-
1227,佳格,2151320,2118460,2146094,1.55,0.24,14355288,14868763,-3.45,-
1229,聯華,1022672,1799327,906199,-43.16,12.85,7533705,7506769,0.35,-
1231,聯華食,956916,819281,987622,16.79,-3.1,6151136,5960816,3.19,-
1232,大統益,1761631,1874166,1798053,-6.0,-2.02,13631032,13431178,1.48,-
1233,天仁,169784,168374,148964,0.83,13.97,1202313,1018270,18.07,-
1234,黑松,983847,827576,952900,18.88,3.24,5825901,4999988,16.51,-
1235,興泰,7603,4266,3274,78.22,132.22,23055,12604,82.91,與去年累計差異超過50%為本年個月銷貨收入較去年同期增加
1236,宏亞,146859,125337,170333,17.17,-13.78,1027045,1098574,-6.51,-
1702,南僑,1774321,1894892,1604189,-6.36,10.6,12763643,11511750,10.87,-
1737,臺鹽,269146,283034,305192,-4.9,-11.81,1993634,2101892,-5.15,-
3054,立萬利,1799,2925,3012,-38.49,-40.27,19503,18938,2.98,-
合計,合計,81583023,74621784,74787796,9.32,9.08,513003853,488200234,5.08,
1301,台塑,16645025,15893871,19936058,4.72,-16.5,117305170,164864195,-28.84,-
1303,南亞,21514529,19790189,27970940,8.71,-23.08,151026500,224795098,-32.81,-
1304,台聚,3963359,3989480,5657528,-0.65,-29.94,29897534,40685220,-26.51,-
1305,華夏,1020444,1014593,1560080,0.57,-34.59,8140589,11707503,-30.46,-
1307,三芳,893367,728830,923832,22.57,-3.29,5794815,6242762,-7.17,-
1308,亞聚,559778,543794,969456,2.93,-42.25,3787697,5458774,-30.61,-
1309,台達化,1094051,1073664,1586565,1.89,-31.04,8257503,11211354,-26.34,-
1310,台苯,689103,641308,1314555,7.45,-47.57,5324507,8672306,-38.6,無
1312,國喬,1226678,1109039,1382426,10.6,-11.26,9334543,11422283,-18.27,-
1313,聯成,6142965,5679751,5993125,8.15,2.5,39595897,45897801,-13.73,-
1314,中石化,2412106,2173525,2318156,10.97,4.05,14520590,17839529,-18.6,-
1315,達新,229932,203850,212786,12.79,8.05,1395350,1518260,-8.09,-
1321,大洋,361464,351024,474542,2.97,-23.82,2859002,4196680,-31.87,-
1323,永裕,261881,294862,321947,-11.18,-18.65,1912266,2210568,-13.49,-
1324,地球,83873,82521,73983,1.63,13.36,545067,590691,-7.72,-
1325,恆大,32802,35180,50686,-6.75,-35.28,245658,351191,-30.05,-
1326,台化,26750801,25153038,31249506,6.35,-14.39,184948465,234439729,-21.11,-
4306,炎洲,970359,982071,1253875,-1.19,-22.61,7024474,9258525,-24.12,-
合計,合計,84852517,79740590,103250046,6.41,-17.81,591915627,801362469,-26.13,
1402,遠東新,20714646,21716631,22144589,-4.61,-6.45,145575298,154818279,-5.97,-
1409,新纖,3338855,3466844,4072380,-3.69,-18.01,22162900,28642874,-22.62,-
1410,南染,17677,17597,30028,0.45,-41.13,128872,232372,-44.54,-
1413,宏洲,132361,140767,219957,-5.97,-39.82,1048593,1996749,-47.48,-
1414,東和,44586,44107,60543,1.08,-26.35,321238,447052,-28.14,-
1417,嘉裕,108193,92878,120361,16.48,-10.1,911266,832193,9.5,-
1418,東華,1580,1190,427,32.77,270.02,14791,10068,46.91,配合客戶生產線出貨。
1419,新紡,216163,226608,270399,-4.6,-20.05,1728065,1733419,-0.3,-
1423,利華,10996,9011,10059,22.02,9.31,73550,112186,-34.43,-
1434,福懋,2256531,2304846,2957701,-2.09,-23.7,17138167,21153154,-18.98,-
1440,南紡,1467285,1657001,1727479,-11.44,-15.06,11949870,13117732,-8.9,-
1441,大東,119829,86636,141393,38.31,-15.25,694180,990662,-29.92,-
1444,力麗,654087,685470,1124306,-4.57,-41.82,5125387,7743690,-33.81,-
1445,大宇,104813,113575,129689,-7.71,-19.18,860607,840818,2.35,-
1446,宏和,9141,9012,20368,1.43,-55.12,81595,87562,-6.81,因客戶訂單調配問題產生差異
1447,力鵬,3222017,3698736,3157856,-12.88,2.03,19276294,17267630,11.63,-
1449,佳和,227642,228749,182939,-0.48,24.43,1465043,1498327,-2.22,-
1451,年興,632126,560978,861416,12.68,-26.61,3886875,5304198,-26.72,-
1452,宏益,97837,94651,135987,3.36,-28.05,636968,1161439,-45.15,-
1454,台富,126650,121252,155473,4.45,-18.53,885777,1106943,-19.97,-
1455,集盛,578974,530329,742046,9.17,-21.97,4117270,6117462,-32.69,-
1457,宜進,217794,228303,309944,-4.6,-29.73,1672198,2697403,-38.0,-
1459,聯發,80422,78029,162430,3.06,-50.48,571708,1359291,-57.94,市場需求減少，致營業額下降。
1460,宏遠,637276,582440,835539,9.41,-23.72,4170700,5777472,-27.81,-
1463,強盛新,25823,24894,43449,3.73,-40.56,183887,295011,-37.66,-
1464,得力,585168,657752,981694,-11.03,-40.39,5291638,7160265,-26.09,-
1465,偉全,51399,56028,40660,-8.26,26.41,350921,289272,21.31,-
1466,聚隆,208471,205306,228599,1.54,-8.8,1318527,1765960,-25.33,-
1467,南緯,417569,406703,522042,2.67,-20.01,2536613,3786584,-33.01,-
1468,昶和,58616,71650,152071,-18.19,-61.45,620127,778227,-20.31,整體訂單下滑
1470,大統新創,51323,47978,70402,6.97,-27.1,432794,579632,-25.33,-
1473,台南,621373,677989,787362,-8.35,-21.08,3862726,4793710,-19.42,-
1474,弘裕,231620,198878,264396,16.46,-12.39,1428719,1973443,-27.6,-
1475,業旺,82345,104764,104255,-21.39,-21.01,736131,669363,9.97,-
1476,儒鴻,2886521,2683867,3899629,7.55,-25.97,17204993,25292822,-31.97,-
1477,聚陽,2966123,2799688,3718403,5.94,-20.23,18024491,19030951,-5.28,-
4414,如興,1496561,1215501,1778776,23.12,-15.86,8199237,10348839,-20.77,-
4426,利勤,97458,87894,140625,10.88,-30.69,740732,727749,1.78,-
4438,廣越,2091788,1894945,2473638,10.38,-15.43,9502144,10303659,-7.77,-
4440,宜新實業,94050,74031,126887,27.04,-25.87,574417,920158,-37.57,-
4441,振大環球,453869,577411,931642,-21.39,-51.28,2992938,5200051,-42.44,主要係因去年基期較高，今年客戶需求減少所致。
合計,合計,47437558,48480919,55837839,-2.15,-15.04,318498247,368964671,-13.67,
1503,士電,2470239,2453321,2353474,0.68,4.96,19119624,17699772,8.02,-
1504,東元,4887315,5420093,5228346,-9.82,-6.52,34730904,33714617,3.01,-
1506,正道,93551,103076,90144,-9.24,3.77,658362,681437,-3.38,-
1513,中興電,1967699,1640207,1498362,19.96,31.32,12738864,10612467,20.03,-
1514,亞力,575418,857240,497977,-32.87,15.55,4690329,3951029,18.71,-
1515,力山,584033,460495,342805,26.82,70.36,2194877,2921896,-24.88,客戶庫存管理增加採購量
1517,利奇,170702,135288,582796,26.17,-70.7,1212707,3160036,-61.62,主係產業調整庫存及去年基期較高所致。
1519,華城,1241976,1403435,353640,-11.5,251.19,5885240,3794122,55.11,本月營收較同期增加251.2%主要是外銷案認列
1526,日馳,90585,105058,188609,-13.77,-51.97,711390,1311646,-45.76,因市場需求減少，致本月營收較去年同期減少。
1527,鑽全,201096,200096,304470,0.49,-33.95,1621837,2605692,-37.75,-
1528,恩德,310373,326549,287238,-4.95,8.05,2173748,2134782,1.82,-
1529,樂事綠能,85566,24479,25085,249.54,241.1,379478,139286,172.44,"7月(含本年)因有台電亭置式變壓器交貨等,故營收增幅大"
1530,亞崴,211469,253368,327831,-16.53,-35.49,1408908,1699313,-17.08,-
1531,高林股,130119,167559,212566,-22.34,-38.78,879083,1670264,-47.36,-
1532,勤美,2487753,2828888,1127279,-12.05,120.68,10034493,8794763,14.09,兩期變動達50%以上，主係本月認列完工交屋營建收入較去年同期增加所致
1535,中宇,707519,972580,720211,-27.25,-1.76,5204503,4880144,6.64,-
1537,廣隆,515802,531517,702257,-2.95,-26.55,3554143,4397209,-19.17,-
1538,正峰,19155,14982,28086,27.85,-31.79,128084,146033,-12.29,-
1539,巨庭,91382,144623,232621,-36.81,-60.71,796273,1792798,-55.58,國外市場需求減少
1540,喬福,56479,21313,48710,164.99,15.94,318349,273484,16.4,-
1541,錩泰,231712,258516,242720,-10.36,-4.53,1770072,2847107,-37.82,-
1558,伸興,647790,718169,431679,-9.79,50.06,4212840,4343330,-3.0,"本月增加百分比達50%以上,係因伸興對宇隆具有控制力，自111年9月份起將宇隆併入合併營收並編制合併報表。"
1560,中砂,523288,519571,618058,0.71,-15.33,3660861,4121040,-11.16,-
1583,程泰,402999,495305,596528,-18.63,-32.44,2989661,3506238,-14.73,-
1597,直得,80224,78961,147964,1.59,-45.78,673465,993040,-32.18,-
2049,上銀,2246022,2217350,2781486,1.29,-19.25,14563139,18583290,-21.63,-
2371,大同,3877658,4886280,2301653,-20.64,68.47,28240100,16787678,68.21,依IFRS10規定綜合判斷對精英電腦(股)公司已具備實質控制力，故自111年10月起將其併入合併報表，致合併營收較比較期間大幅增加。
3167,大量,81689,83298,225273,-1.93,-63.73,594422,1667339,-64.34,大環境變化所致
4526,東台,561966,805942,715290,-30.27,-21.43,4306331,4648139,-7.35,-
4532,瑞智,1543904,1730210,1519977,-10.76,1.57,9928656,12572457,-21.02,-
4540,全球傳動,204164,254052,329530,-19.63,-38.04,1683300,2103988,-19.99,-
4555,氣立,99769,119276,184869,-16.35,-46.03,827809,1137600,-27.23,-
4562,穎漢,71442,41350,66153,72.77,7.99,425560,395924,7.48,-
4564,元翎,119194,131021,152461,-9.02,-21.82,808532,1158126,-30.18,-
4566,時碩工業,313760,344588,406815,-8.94,-22.87,2474999,2824289,-12.36,-
4572,駐龍,55062,70199,50043,-21.56,10.02,465529,344606,35.09,-
4576,大銀微系統,140243,205155,286204,-31.64,-50.99,1255335,2003763,-37.35,主係受國際情勢動盪影響，整體景氣下滑所致。
4583,台灣精銳,222732,241893,291708,-7.92,-23.64,1581039,2037009,-22.38,-
6606,建德工業,65791,72700,82907,-9.5,-20.64,454715,542855,-16.23,-
7750,新代,559304,595736,485394,-6.11,15.22,4485634,4725464,-5.07,-
8222,寶一,53040,56560,41131,-6.22,28.95,380468,255196,49.08,-
8374,羅昇,247134,249966,331442,-1.13,-25.43,1842706,2332731,-21.0,111/7/1取得達昇能源100%股權，係屬共同控制下組織重整，應視為自始即取得，故追溯重編去年合併營收。
8996,高力,417240,461286,258753,-9.54,61.25,2695973,1441826,86.98,112年7月營收較去年同期增加61.25%，主要係板式熱交換器及熱能產品之營業額，較去年同期分別增加51.54%及74.03%所致。
合計,合計,29664358,32701551,27700545,-9.28,7.08,198762342,197753825,0.5,
1603,華電,296923,331324,214634,-10.38,38.33,2144681,1706496,25.67,-
1604,聲寶,827720,824019,845180,0.44,-2.06,5624736,5657728,-0.58,-
1605,華新,15187001,15511914,15121399,-2.09,0.43,115337949,108099533,6.69,-
1608,華榮,806878,675438,976010,19.45,-17.32,5571557,6510013,-14.41,-
1609,大亞,2121639,2135689,2138751,-0.65,-0.8,14777822,15867236,-6.86,-
1611,中電,113985,105706,126845,7.83,-10.13,753614,912713,-17.43,-
1612,宏泰,499259,562749,503497,-11.28,-0.84,3311289,3574824,-7.37,-
1614,三洋電,607875,570295,692704,6.58,-12.24,3652461,3904927,-6.46,-
1615,大山,500804,383148,263424,30.7,90.11,2558881,2331707,9.74,係本月電力電纜銷售較去年同期成長
1616,億泰,348934,330045,308203,5.72,13.21,2263354,2088161,8.38,-
1617,榮星,245979,241717,278889,1.76,-11.8,1605040,2219996,-27.7,-
1618,合機,231100,400084,103947,-42.23,122.32,2002828,1334961,50.02,本月及本年累計增加係因業主通知超高壓電纜、附屬器材及高壓線等交貨數量較去年同期增加。
4930,燦星網,654230,573494,681833,14.07,-4.04,3557979,4709627,-24.45,-
5283,禾聯碩,719476,727938,751888,-1.16,-4.31,3927524,4438437,-11.51,-
合計,合計,23161803,23373560,23007204,-0.9,0.67,167089715,163356359,2.28,
1708,東鹼,449136,499685,681342,-10.11,-34.08,3462551,4556373,-24.0,-
1709,和益,631537,752930,868527,-16.12,-27.28,5502755,6434475,-14.48,-
1710,東聯,1717466,1524124,1121107,12.68,53.19,12179703,13165684,-7.48,因去年同期揚州子公司歲修銷量減少，同比基期較低，致使2023年7月合併公司主要產品乙二醇銷量較去年同期增加57%
1711,永光,643477,646525,735513,-0.47,-12.51,4491553,5471547,-17.91,-
1712,興農,1449359,1469449,2021193,-1.36,-28.29,11149109,14186751,-21.41,-
1713,國化,34057,39007,44478,-12.69,-23.42,261942,373675,-29.9,-
1714,和桐,1594036,1567642,2338832,1.68,-31.84,11483913,12951184,-11.32,-
1717,長興,3387642,3448811,4010038,-1.77,-15.52,23812843,29558641,-19.43,-
1718,中纖,3352660,3227783,2952896,3.86,13.53,22295770,19378905,15.05,本月份自結異業別合併營收資訊，未經會計師簽證或核閱。
1721,三晃,148976,124401,230167,19.75,-35.27,1224146,1881995,-34.95,-
1722,台肥,930082,3576861,1191512,-73.99,-21.94,10394292,9022662,15.2,-
1723,中碳,642568,737721,964882,-12.89,-33.4,5207437,6579922,-20.85,-
1725,元禎,587885,498679,632445,17.88,-7.04,4313471,5909269,-27.0,-
1726,永記,706595,753886,791287,-6.27,-10.7,5343785,5539808,-3.53,-
1727,中華化,144381,132386,192762,9.06,-25.09,1008857,1349608,-25.24,-
1730,花仙子,209982,222266,204056,-5.52,2.9,1532489,1614311,-5.06,-
1732,毛寶,43021,50146,49203,-14.2,-12.56,331968,355204,-6.54,-
1735,日勝化,191715,183485,229032,4.48,-16.29,1311688,1847469,-29.0,-
1773,勝一,772362,771881,900338,0.06,-14.21,5547188,6947895,-20.16,-
1776,展宇,101861,84266,101105,20.88,0.74,663954,891438,-25.51,-
4720,德淵,283580,318994,326494,-11.1,-13.14,1871656,2144629,-12.72,-
4722,國精化,283147,271804,378792,4.17,-25.25,1885056,2905865,-35.12,-
4739,康普,368234,425245,797698,-13.4,-53.83,3368033,6062372,-44.44,營收較去年同期減少，主要係先進材料、動力電池、氧化觸媒及原料金屬收入銷售減少。
4755,三福化,371504,454874,411234,-18.32,-9.66,2831802,3611210,-21.58,-
4764,雙鍵,185321,171796,227727,7.87,-18.62,1273997,1730034,-26.36,-
4766,南寶,1756548,1761530,1882912,-0.28,-6.71,11368975,12441865,-8.62,-
4770,上品,375947,390546,524897,-3.73,-28.37,3544939,3502114,1.22,-
合計,合計,21363079,24106723,24810469,-11.38,-13.89,157663872,180414905,-12.61,
1707,葡萄王,793835,944769,792012,-15.97,0.23,5678189,5567065,1.99,-
1720,生達,563910,496451,462839,13.58,21.83,3565907,3181495,12.08,-
1731,美吾華,96834,104522,105362,-7.35,-8.09,757112,734215,3.11,-
1733,五鼎,149769,129824,203389,15.36,-26.36,1003587,1333448,-24.73,-
1734,杏輝,224786,222942,193219,0.82,16.33,1723118,1577341,9.24,-
1752,南光,176193,176948,180890,-0.42,-2.59,1273054,1029499,23.65,-
1760,寶齡富錦,114909,125781,159290,-8.64,-27.86,993510,1428647,-30.45,-
1762,中化生,106273,132165,130715,-19.59,-18.69,1398206,1239650,12.79,-
1783,和康生,54086,62395,46993,-13.31,15.09,368032,324509,13.41,-
1786,科妍,68910,71197,58552,-3.21,17.69,372553,291130,27.96,-
1789,神隆,197135,368628,290904,-46.52,-32.23,1600466,1834381,-12.75,-
1795,美時,2287950,1103110,1043645,107.4,119.22,11253653,7115454,58.15,主係血癌用藥Lenalidomide於美國市場銷售量增加所致
3164,景岳,22104,33262,18103,-33.54,22.1,187927,204548,-8.12,-
3705,永信,569671,563980,537095,1.0,6.06,3935121,4446928,-11.5,-
4104,佳醫,617997,653531,562980,-5.43,9.77,4648150,3945619,17.8,-
4106,雃博,173039,225348,219580,-23.21,-21.19,1576414,1495109,5.43,-
4108,懷特,11981,15410,8752,-22.25,36.89,84351,76606,10.11,「懷特血寶®」凍晶注射劑出貨持續增加，營收較去年同期大幅成長36.89%。
4119,旭富,64934,56260,49649,15.41,30.78,719828,419033,71.78,今年上半年產能較去年同期增加，產能逐漸恢復推升累計營收表現。
4133,亞諾法,29895,32884,30430,-9.08,-1.75,224073,232606,-3.66,-
4142,國光生,111119,37774,277341,194.16,-59.93,363378,857075,-57.6,月及年營收減少主要為國外客戶銷售遞延至Q3所致
4155,訊映,92213,147055,84005,-37.29,9.77,732633,937027,-21.81,-
4164,承業醫,226888,416553,216226,-45.53,4.93,1913352,1514644,26.32,-
4736,泰博,336552,392341,1206630,-14.21,-72.1,3064454,6627165,-53.75,本年係因新冠肺炎抗原快篩檢驗試劑銷售減少
4737,華廣,175574,182675,164715,-3.88,6.59,1016342,1213690,-16.26,-
4746,台耀,342605,444875,340174,-22.98,0.71,2361508,2013336,17.29,-
4771,望隼,226020,206091,198800,9.67,13.69,1288151,965084,33.47,-
6446,藥華藥,445805,509165,348489,-12.44,27.92,2598287,1577958,64.66,本年累計營收較去年成長，主要來自認列子公司PharmaEssentia USA Corp.之營收。
6472,保瑞,1067848,1142578,437802,-6.54,143.91,8986857,2908317,209.0,111.09起合併子公司安成國際藥業營收
6491,晶碩,496021,555745,457846,-10.74,8.33,3570976,3360950,6.24,-
6534,正瀚-創,44868,126214,39920,-64.45,12.39,1305029,1327628,-1.7,-
6589,台康生技,62417,52281,133133,19.38,-53.11,417052,831271,-49.82,係因市場需求減緩及配合客戶研發時程規劃，調整工作排程所致。
6645,金萬林-創,28860,32882,55396,-12.23,-47.9,212352,484722,-56.19,本年度增減百分比達50％以上，係因檢測試劑銷售較去年減少所致。
6657,華安,363,528,976,-31.25,-62.8,3781,3832,-1.33,112年7月較111年7月營收減少613仟元，變動62.81%，主係勞務收入減少。
6782,視陽,188436,218479,198107,-13.75,-4.88,1247507,1573381,-20.71,-
6794,向榮生技-創,1509,1747,810,-13.62,86.29,13433,9019,48.94,本月營業收入較去年同期增加，主係勞務收入增加所致。
6796,晉弘,36845,50067,36224,-26.4,1.71,301484,264992,13.77,-
6838,台新藥,0,30599,0,-100.0,,30599,336,9006.84,本月無授權金收入與勞務收入
6861,睿生光電,136089,154530,142848,-11.93,-4.73,1062683,1072863,-0.94,-
6885,全福生技,0,0,0,,,0,0,,本月無營收
6918,愛派司,60229,52306,53496,15.14,12.58,386314,334721,15.41,-
6919,康霈*,0,0,0,,,15231,72,21054.16,本期保健食品銷售較去年同期增加
6931,青松健康,76546,71839,62419,6.55,22.63,484412,326715,48.26,-
6936,永鴻生技,108991,96906,85860,12.47,26.94,701703,691505,1.47,-
6955,邦睿生技-創,14934,7842,7781,90.43,91.92,78875,50855,55.09,各國消費市場需求增加及新產品上市致營收大幅增加
合計,合計,10604943,10450479,9643397,1.47,9.97,73519644,65424441,12.37,
1802,台玻,3924827,3615133,3494525,8.56,12.31,25114886,25436991,-1.26,-
1806,冠軍,295244,249446,235289,18.35,25.48,1749073,1816299,-3.7,-
1809,中釉,207522,182228,224533,13.88,-7.57,1321011,1490835,-11.39,-
1810,和成,378666,468083,371422,-19.1,1.95,2782383,2968393,-6.26,-
1817,凱撒衛,205272,202530,220316,1.35,-6.82,1361249,1499631,-9.22,-
合計,合計,5011531,4717420,4546085,6.23,10.23,32328602,33212149,-2.66,
1903,士紙,16673,14150,12111,17.83,37.66,103793,97646,6.29,-
1904,正隆,3256701,3584056,3659438,-9.13,-11.0,23814161,26464308,-10.01,-
1905,華紙,1603986,1608044,2079953,-0.25,-22.88,12120932,13828478,-12.34,-
1906,寶隆,280435,339846,401520,-17.48,-30.15,1994209,3015470,-33.86,-
1907,永豐餘,5735573,5866633,6719538,-2.23,-14.64,41391144,46601303,-11.18,-
1909,榮成,3561613,3705028,3733965,-3.87,-4.61,26352581,30500077,-13.59,-
6790,永豐實,795959,789777,776555,0.78,2.49,5777188,5657260,2.11,-
合計,合計,15250940,15907534,17383080,-4.12,-12.26,111554008,126164542,-11.58,
2002,中鋼,28220608,30216859,39157604,-6.6,-27.93,214923478,288007437,-25.37,-
2006,東和鋼鐵,4771007,5248010,4827238,-9.08,-1.16,34225048,36180687,-5.4,-
2007,燁興,310963,372732,481612,-16.57,-35.43,3016526,4574031,-34.05,-
2008,高興昌,117369,103003,227765,13.94,-48.46,887138,1290296,-31.24,-
2009,第一銅,204158,230630,270550,-11.47,-24.53,1454438,1827172,-20.39,-
2010,春源,2039040,1854683,2053870,9.94,-0.72,12321290,14935895,-17.5,-
2012,春雨,676967,665670,983848,1.69,-31.19,4749338,6765504,-29.8,-
2013,中鋼構,1327377,1670920,1759432,-20.56,-24.55,11375517,10632858,6.98,-
2014,中鴻,3058037,2793164,2890631,9.48,5.79,22316708,31331757,-28.77,-
2015,豐興,2813757,2790184,3274243,0.84,-14.06,20556755,24080790,-14.63,-
2017,官田鋼,281269,263163,341711,6.88,-17.68,1738777,2348320,-25.95,-
2020,美亞,608936,1023449,476393,-40.5,27.82,4346171,3765210,15.42,-
2022,聚亨,729342,828551,683525,-11.97,6.7,4925261,5894432,-16.44,-
2023,燁輝,5796473,5772789,6658142,0.41,-12.94,41772059,52773178,-20.84,-
2024,志聯,78875,58176,86466,35.57,-8.77,506677,766669,-33.91,-
2025,千興,271,5983,51322,-95.47,-99.47,167133,1009775,-83.44,本月因受到台幣匯率貶值及煉鋼主要原料、廢不�袗�等價格持續上漲，下游廠商購貨尚處於觀望態度，故需求減少，營收衰退。
2027,大成鋼,7317811,8883634,8854430,-17.62,-17.35,62764591,71335641,-12.01,-
2028,威致,559463,919666,750409,-39.16,-25.44,6495274,7727266,-15.94,-
2029,盛餘,928140,921212,1035691,0.75,-10.38,6738736,8956673,-24.76,-
2030,彰源,988183,1062011,1330411,-6.95,-25.72,7683520,10245189,-25.0,-
2031,新光鋼,1448602,1256646,1106608,15.27,30.9,8950864,9845256,-9.08,-
2032,新鋼,241960,232544,225368,4.04,7.36,1658595,2024149,-18.05,-
2033,佳大,41668,51062,51499,-18.39,-19.08,344218,490864,-29.87,-
2034,允強,1404962,1146128,1667173,22.58,-15.72,9112376,10716203,-14.96,土耳其子公司因處高度通貨膨脹環境，應依IAS 29編製財報，故其本年度營收已按土耳其消費者物價指數波動率重述。
2038,海光,683199,620903,977276,10.03,-30.09,5307377,6413886,-17.25,-
2069,運錩,966430,1074827,1229673,-10.08,-21.4,6982362,9011493,-22.51,-
2211,長榮鋼,1116549,1096828,982491,1.79,13.64,7145218,7699397,-7.19,-
3004,豐達科,266336,247274,181311,7.7,46.89,1675919,1103109,51.92,主要係客戶需求增加所致
5007,三星,556362,536120,532636,3.77,4.45,3782141,4301309,-12.07,-
9958,世紀鋼,1193160,1667685,651699,-28.45,83.08,7087241,4616209,53.52,本月及本年增加百分比達50%以上，主要係風力事業案依進度如期交貨及相關工程收入挹注所致。
合計,合計,68747274,73614506,83801027,-6.61,-17.96,515010746,640670655,-19.61,
2101,南港,708674,785205,659958,-9.74,7.38,4474402,4718717,-5.17,"本公告係屬自結數,與會計師所出具之財報因匯率之故將存有略微差異,屆時請以財報為準."
2102,泰豐,15377,18376,184842,-16.32,-91.68,403306,924372,-56.36,"自美國反傾銷案後,衝擊本公司營收,又本公司觀音廠自112年2月起暫時停產,陸續影響本公司營收表現"
2103,台橡,2457773,2446818,3085654,0.44,-20.34,18313593,20702501,-11.53,-
2104,國際中橡,1562155,1200038,2350298,30.17,-33.53,10277531,13406900,-23.34,-
2105,正新,8080314,8147440,8594207,-0.82,-5.97,56206936,57394535,-2.06,無。
2106,建大,2866428,2945936,3316596,-2.69,-13.57,19778094,23226054,-14.84,-
2107,厚生,89909,217115,116397,-58.58,-22.75,847721,1225684,-30.83,-
2108,南帝,712984,702821,732110,1.44,-2.61,5198346,7663389,-32.16,-
2109,華豐,412868,401550,488521,2.81,-15.48,2695601,3330593,-19.06,-
2114,鑫永銓,132032,133588,161313,-1.16,-18.15,877664,1121105,-21.71,-
6582,申豐,50526,66875,119802,-24.44,-57.82,500685,1225699,-59.15,較去年同期減少，主係受市場狀況影響，銷售量及銷售價格減少
合計,合計,17089040,17065762,19809698,0.13,-13.73,119573879,134939549,-11.38,
1319,東陽,1920265,1926559,1859349,-0.32,3.27,13069722,12302481,6.23,-
1339,昭輝,179866,139294,179434,29.12,0.24,1137550,1191541,-4.53,-
1512,瑞利,76832,90362,54530,-14.97,40.89,698839,381617,83.12,因至111年11月起新增運動用品批發銷售，故本年營業收入相較去年同期增加83.13%。
1521,大億,360988,329626,398886,9.51,-9.5,2653853,2796263,-5.09,-
1522,堤維西,1486892,1595785,1508869,-6.82,-1.45,10983617,11116657,-1.19,-
1524,耿鼎,207747,231043,192039,-10.08,8.17,1450938,1423294,1.94,-
1525,江申,130366,129998,152879,0.28,-14.72,1010565,818865,23.41,-
1533,車王電,320876,328932,370906,-2.44,-13.48,2349201,1906254,23.23,-
1536,和大,526944,512596,669456,2.79,-21.28,4022215,4184676,-3.88,-
1563,巧新,569096,670298,480380,-15.09,18.46,4283616,3820612,12.11,-
1568,倉佑,91176,145662,153467,-37.4,-40.58,872522,1117483,-21.92,7月份合併營收已排除停業單位營收，唯前期數及當年1-6月累計合併營收係含停業單位。
1587,吉茂,159852,191455,245881,-16.5,-34.98,1277480,1550919,-17.63,-
2201,裕隆,6845607,6441085,6950053,6.28,-1.5,45406601,43733325,3.82,-
2204,中華,3097848,3512020,2664866,-11.79,16.24,21579220,17073513,26.39,-
2206,三陽工業,5889647,5688275,4853029,3.54,21.36,38610411,28449188,35.71,-
2207,和泰車,26547327,22467069,23535769,18.16,12.79,162444408,138877610,16.96,-
2227,裕日車,2084877,1936245,2491666,7.67,-16.32,15322188,14343254,6.82,-
2228,劍麟,433281,412771,405907,4.96,6.74,2707424,2435508,11.16,-
2231,為升,373402,320694,294771,16.43,26.67,2640249,2129916,23.96,-
2233,宇隆,274313,263998,285558,3.9,-3.93,1849426,2035798,-9.15,-
2241,艾姆勒,76511,76117,50028,0.51,52.93,460454,477606,-3.59,係客戶需求增加
2247,汎德永業,4597886,5595330,3328431,-17.82,38.13,31988219,25821759,23.88,-
2254,巨鎧精密-創,20582,22084,66786,-6.8,-69.18,260471,719983,-63.82,本月營收較去年同期營收減少，係因客戶訂單減少所致。
2497,怡利電,365714,308684,238981,18.47,53.03,1960950,1785936,9.79,東南亞客戶RSE專案去年10月開始出貨，又部分6月訂單遞延到本月出貨。
3346,麗清,681354,805917,502409,-15.45,35.61,4219823,3182832,32.58,-
4551,智伸科,582609,608888,797410,-4.31,-26.93,4283635,5425607,-21.04,-
6605,帝寶,1444937,1569519,1599572,-7.93,-9.66,10550223,9805278,7.59,-
7736,虎山,91743,88999,116596,3.08,-21.31,651215,754013,-13.63,-
合計,合計,59438538,56409305,54447908,5.37,9.16,388745035,339661788,14.45,
2302,麗正,70035,63928,81749,9.55,-14.32,452194,491811,-8.05,-
2303,聯電,19063918,19056484,24826685,0.03,-23.21,129569773,160304645,-19.17,-
2329,華泰,1539838,1441390,1313341,6.83,17.24,8791913,9440460,-6.86,-
2330,台積電,177616220,156404174,186762689,13.56,-4.89,1167090447,1211979370,-3.7,-
2337,旺宏,2181288,2139645,3604068,1.94,-39.47,16714018,26542071,-37.02,-
2338,光罩,619451,600143,670978,3.21,-7.67,3982932,4372791,-8.91,-
2340,台亞,322338,345020,363382,-6.57,-11.29,2166598,2974115,-27.15,-
2342,茂矽,136611,130011,191600,5.07,-28.69,899605,1291462,-30.34,-
2344,華邦電,6314838,6988905,7390832,-9.64,-14.55,42641432,60551379,-29.57,-
2351,順德,897054,940875,985702,-4.65,-8.99,6405336,6864124,-6.68,-
2363,矽統,8003,11954,14579,-33.05,-45.1,78814,117463,-32.9,-
2369,菱生,486123,473191,490820,2.73,-0.95,3186276,3902439,-18.35,-
2379,瑞昱,8964637,9008458,9790003,-0.48,-8.43,54880343,70045658,-21.65,無
2388,威盛,1178232,1267388,585607,-7.03,101.19,6360777,5081565,25.17,出貨增加
2401,凌陽,537390,439507,496831,22.27,8.16,3149218,4595939,-31.47,-
2408,南亞科,2437193,2458014,4396393,-0.84,-44.56,15889147,42373390,-62.5,因俄烏戰爭、高通膨等影響，全球性總體經濟走緩，記憶體市場需求不佳。
2434,統懋,6338,3930,7060,61.27,-10.22,30647,55534,-44.81,-
2436,偉詮電,243729,254478,192134,-4.22,26.85,1513575,1803145,-16.05,-
2441,超豐,1161213,1102452,1262225,5.33,-8.0,7693566,10665528,-27.86,-
2449,京元電子,2855724,2799687,3196133,2.0,-10.65,18787484,22108231,-15.02,-
2451,創見,808006,919155,1024394,-12.09,-21.12,5886384,7480518,-21.31,-
2454,聯發科,31763135,38218758,40890418,-16.89,-22.32,225549932,339331088,-33.53,海外子公司之營收係以當月平均匯率換算之。
2458,義隆,1102522,993903,1076225,10.92,2.44,6549082,9323412,-29.75,-
2481,強茂,1006033,1232795,1113783,-18.39,-9.67,7409557,8315014,-10.88,"本月營收淨額含功率元件及其他IC產品$1,000,996仟元及太陽能$20,195仟元，減銷退/折$15,158仟元"
3006,晶豪科,1032720,977692,1254723,5.62,-17.69,6730828,11295212,-40.4,-
3014,聯陽,547254,574144,361455,-4.68,51.4,3579388,3344736,7.01,本月客戶需求增加。
3016,嘉晶,362032,366177,520561,-1.13,-30.45,2537879,3526823,-28.04,-
3034,聯詠,9675040,10112428,6865719,-4.32,40.91,64019951,74838546,-14.45,-
3035,智原,987476,985938,1090051,0.15,-9.41,7166745,7661638,-6.45,-
3041,揚智,82696,109148,213652,-24.23,-61.29,802926,1669697,-51.91,本月營收較去年同期減少及本年累計營收較去年累計營收減少，係因半導體產業景氣持續低迷，部分運營商仍延續調整備貨節奏所致。
3094,聯傑,16195,21209,27352,-23.64,-40.79,152869,184463,-17.12,-
3135,凌航,258152,315626,220137,-18.2,17.26,1907870,2286614,-16.56,-
3150,鈺寶-創,16838,19992,47835,-15.77,-64.79,147489,280236,-47.36,本年營收較去年同期減少，係因市場需求減少所致。
3189,景碩,1935157,2018021,3762744,-4.1,-48.57,15231710,25230614,-39.63,-
3257,虹冠電,120105,101967,40597,17.78,195.84,590600,398398,48.24,客戶需求增加
3413,京鼎,895208,1085125,1273395,-17.5,-29.69,7589937,7880319,-3.68,-
3443,創意,2212814,2423420,1940034,-8.69,14.06,15328692,11834980,29.52,-
3450,聯鈞,447756,443601,637850,0.93,-29.8,3002052,4112967,-27.01,-
3530,晶相光,111124,99126,134294,12.1,-17.25,911258,1389361,-34.41,-
3532,台勝科,1179513,1372908,1382833,-14.08,-14.7,8581707,9171288,-6.42,-
3545,敦泰,1049191,861367,636014,21.8,64.96,7386821,7855988,-5.97,因去年終端市場需求減緩，故比較基期較低所致。
3583,辛耘,559721,539445,493879,3.75,13.33,3789968,3130997,21.04,-
3588,通嘉,102418,90727,110149,12.88,-7.01,582398,1140263,-48.92,-
3592,瑞鼎,1675954,1659273,1389413,1.0,20.62,10087725,16111801,-37.38,-
3686,達能,2413,934,582,158.35,314.6,12994,28115,-53.78,本期營收與去年同期差異，主要係本期電子零組件材料交易量較去年同期多所致.
3711,日月光投控,48353336,46721623,58167105,3.49,-16.87,315519761,362996952,-13.07,-
4919,新唐,2919366,3484035,3320548,-16.2,-12.08,20828212,25223231,-17.42,-
4952,凌通,203493,201568,245525,0.95,-17.11,1284868,2235679,-42.52,-
4961,天鈺,1341829,1353834,1459047,-0.88,-8.03,9619518,12817905,-24.95,-
4967,十銓,892105,1875654,485816,-52.43,83.63,8117021,3759317,115.91,B2B專案訂單持續出貨，營收較去年同期增加。
4968,立積,266024,253501,296677,4.94,-10.33,1640952,2035829,-19.39,-
5222,全訊,101392,130531,67102,-22.32,51.1,668742,536809,24.57,客戶訂單增加所致
5269,祥碩,557232,550899,449339,1.14,24.01,3513635,3352422,4.8,-
5285,界霖,458234,434462,557922,5.47,-17.86,2998552,3842523,-21.96,-
5471,松翰,221329,233438,260396,-5.18,-15.0,1422735,2314444,-38.52,-
6202,盛群,219789,247924,495274,-11.34,-55.62,1696345,4079028,-58.41,市場需求減少
6239,力成,6185294,5938619,7683710,4.15,-19.5,39143416,51777684,-24.4,-
6243,迅杰,76707,77802,51196,-1.4,49.83,527270,435974,20.94,-
6257,矽格,1386095,1305793,1657522,6.14,-16.37,8718873,11431353,-23.72,-
6271,同欣電,970096,940150,1188603,3.18,-18.38,6714307,8259754,-18.71,-
6423,億而得-創,38934,10464,45054,272.07,-13.58,124514,144701,-13.95,-
6515,穎崴,264586,380027,423518,-30.37,-37.52,2289398,2281501,0.34,-
6526,達發,1029481,1287799,1665479,-20.05,-38.18,7575515,12703510,-40.36,-
6531,愛普*,443446,371745,405358,19.28,9.39,2263377,3491514,-35.17,-
6533,晶心科,96536,58777,68706,64.24,40.5,500790,419873,19.27,-
6552,易華電,156020,151671,123586,2.86,26.24,950255,1451545,-34.53,-
6695,芯鼎,93365,80617,100554,15.81,-7.14,623021,717878,-13.21,-
6719,力智,221148,246518,553863,-10.29,-60.07,1730803,4133776,-58.13,市場需求減少，致營收較去年同期減少。
6756,威鋒電子,198753,196626,213250,1.08,-6.79,1164575,2078922,-43.98,-
6770,力積電,3430420,3428520,6733600,0.05,-49.05,25889057,49274059,-47.45,-
6789,采鈺,689844,643029,805256,7.28,-14.33,4218199,5751222,-26.65,無
6799,來頡,91029,83748,102012,8.69,-10.76,566683,745125,-23.94,-
6909,創控,51423,48911,11273,5.13,356.16,185205,141314,31.05,本期累計營收較去年增加50%以上，主因客戶對機台及維運服務需求上升所致
6937,天虹,94234,96349,104077,-2.19,-9.45,894032,783831,14.05,無
8016,矽創,1378595,1339633,1341235,2.9,2.78,9388774,11472061,-18.15,-
8028,昇陽半導體,286932,311651,266695,-7.93,7.58,2073265,1723799,20.27,-
8081,致新,712720,702430,624636,1.46,14.1,4573213,5544886,-17.52,-
8110,華東,574012,555995,892092,3.24,-35.65,4145679,5614400,-26.15,-
8131,福懋科,538914,639840,883997,-15.77,-39.03,4589548,6145725,-25.32,-
8150,南茂,1836225,1788115,1947919,2.69,-5.73,11885483,15524878,-23.44,-
8162,微矽電子-創,79942,59589,98217,34.15,-18.6,464325,785345,-40.87,-
8261,富鼎,249174,240885,333983,3.44,-25.39,1623479,2628925,-38.24,-
8271,宇瞻,525169,546277,674479,-3.86,-22.13,4082910,5090799,-19.79,-
合計,合計,361822869,348491562,407935521,3.82,-11.3,2410037164,2837132701,-15.05,
2301,光寶科,12567821,12911091,14799908,-2.65,-15.08,84034960,99007196,-15.12,-
2305,全友,58261,41845,60111,39.23,-3.07,295619,273964,7.9,-
2324,仁寶,84846601,81619856,97630554,3.95,-13.09,538176058,631138077,-14.72,無
2331,精英,1617835,2595663,2740290,-37.67,-40.96,12578971,20965888,-40.0,-
2352,佳世達,15912605,18910144,20405432,-15.85,-22.01,118470086,144065646,-17.76,-
2353,宏��,17722949,26318611,17458555,-32.66,1.51,128414419,168179123,-23.64,-
2356,英業達,41832938,47720352,47109534,-12.33,-11.2,292667189,311651351,-6.09,-
2357,華碩,37564502,48083319,36753188,-21.87,2.2,264665796,302098153,-12.39,-
2362,藍天,1490865,1512277,1714848,-1.41,-13.06,12888444,12928480,-0.3,-
2364,倫飛,82344,83324,77669,-1.17,6.01,614063,512572,19.8,-
2365,昆盈,81514,52705,130910,54.66,-37.73,431330,676713,-36.26,-
2376,技嘉,8691762,9644629,7435303,-9.87,16.89,63160211,62699070,0.73,-
2377,微星,13914288,14322708,13011506,-2.85,6.93,98806826,114066151,-13.37,-
2380,虹光,139237,224487,210220,-37.97,-33.76,1032279,1567669,-34.15,-
2382,廣達,86891131,90177487,129459679,-3.64,-32.88,598101493,701708296,-14.76,-
2387,精元,1913778,1892991,2552948,1.09,-25.03,12127513,13551049,-10.5,-
2395,研華,4824713,5672745,5968194,-14.94,-19.15,39248454,38912206,0.86,-
2397,友通,1189723,1369647,1454871,-13.13,-18.22,8770916,9177863,-4.43,-
2399,映泰,159554,150332,172893,6.13,-7.71,1390552,1356256,2.52,-
2405,輔信,146798,127315,145978,15.3,0.56,967072,1064418,-9.14,-
2417,圓剛,277340,327488,374541,-15.31,-25.95,1874857,2466686,-23.99,-
2425,承啟,758649,472071,478478,60.7,58.55,3429821,3556553,-3.56,本月營業收入較同期增加主係合併子公司營業收入較去年同期增加。
2432,倚天酷��-創,187144,214497,178613,-12.75,4.77,1105776,941543,17.44,-
2465,麗臺,226705,295142,344049,-23.18,-34.1,1815423,2955512,-38.57,-
2495,普安,92235,116054,129078,-20.52,-28.54,758045,719427,5.36,-
3002,歐格,48289,66662,74758,-27.56,-35.4,377062,470945,-19.93,-
3005,神基,2924603,3012450,2964559,-2.91,-1.34,19707307,18007829,9.43,-
3013,晟銘電,548381,464438,569867,18.07,-3.77,3432242,3078633,11.48,-
3017,奇鋐,5153183,5067302,4852129,1.69,6.2,31858610,31209022,2.08,-
3022,威強電,636666,600732,859297,5.98,-25.9,4704230,4064956,15.72,-
3046,建��,499860,439834,304239,13.64,64.29,3210413,1901038,68.87,112年7月份及1-7月份累計營收較去年同期增加，主係大型專案業務成長。
3057,喬鼎,38769,56880,72976,-31.84,-46.87,323370,607735,-46.79,-
3060,銘異,241114,215379,227236,11.94,6.1,1372141,2152342,-36.24,-
3231,緯創,67719669,81098600,79684558,-16.49,-15.01,486272600,550346341,-11.64,-
3416,融程電,247562,239040,233540,3.56,6.0,1562079,1428178,9.37,-
3494,誠研,55616,65117,55959,-14.59,-0.61,394534,325656,21.15,-
3515,華擎,1303108,1563519,989566,-16.65,31.68,9786552,9653105,1.38,"“本年累計營業收入淨額”採年平均匯率計算,“本月營業收入淨額”採該月平均匯率計算,故累計營收淨額與各月營收淨額加總會有差異"
3652,精聯,151465,190332,193556,-20.42,-21.74,1324883,1328752,-0.29,-
3701,大眾控,1174523,1085419,899239,8.2,30.61,7388473,6873521,7.49,-
3706,神達,2823392,2808176,4046413,0.54,-30.22,20728734,26906647,-22.96,-
3712,永崴投控,1237954,1014128,637229,22.07,94.27,7279334,6326301,15.06,主要係因子公司本月承接工程案件依進度認列收入
4916,事欣科,269708,326477,177944,-17.38,51.56,1958090,1336079,46.55,主係因客戶出貨需求增加所致
4938,和碩,93585467,82671774,107969645,13.2,-13.32,692430270,714668213,-3.11,無
5258,虹堡,657750,775241,616095,-15.15,6.76,4334426,3616639,19.84,-
6117,迎廣,202792,183637,234013,10.43,-13.34,1199659,1454109,-17.49,-
6128,上福,398734,463133,423073,-13.9,-5.75,3082700,3458508,-10.86,-
6166,凌華,869638,1082662,964990,-19.67,-9.88,6688621,6334371,5.59,-
6206,飛捷,259168,324253,463663,-20.07,-44.1,1950075,3621309,-46.14,-
6230,尼得科超眾,1002265,855391,1044790,17.17,-4.07,6680318,6236594,7.11,-
6235,華孚,449408,483874,365363,-7.12,23.0,3226996,2215603,45.64,-
6277,宏正,392831,417195,397421,-5.83,-1.15,3012685,2919707,3.18,-
6414,樺漢,9215653,10140999,8736338,-9.12,5.48,66668550,54568605,22.17,"以上申報之合併營收已排除停業單位營收。112年1至7月及111年1至7月累計合併營收(含停業單位)為66,846,834仟元及60,711,928仟元。"
6579,研揚,655946,766369,642046,-14.4,2.16,4640888,4679189,-0.81,"自112年5月起新增合併子公司捷波，5~7月併入其營收為338,112仟元"
6669,緯穎,17659345,22607147,21822682,-21.88,-19.07,148193380,147585324,0.41,-
6928,攸泰科技,376493,421159,220568,-10.6,70.69,1953626,1797754,8.67,本月較去年同期增加，係因客戶需求增加所致
8114,振樺電,822944,901978,1100923,-8.76,-25.24,5747446,6675481,-13.9,-
8163,達方,2297895,2399149,2446067,-4.22,-6.05,15187094,17615084,-13.78,-
8210,勤誠,711915,827389,1020710,-13.95,-30.25,4872351,5891266,-17.29,-
9912,偉聯,36000,39841,38036,-9.64,-5.35,285739,347579,-17.79,-
合計,合計,547859398,588532456,646146838,-6.91,-15.21,3857661651,4295942277,-10.2,
2323,中環,663359,588055,624190,12.8,6.27,4168116,4543087,-8.25,無
2349,錸德,632159,674917,699359,-6.33,-9.6,4261201,4343328,-1.89,-
2374,佳能,488264,388356,461480,25.72,5.8,2516642,2973224,-15.35,-
2393,億光,1414247,1454284,1638776,-2.75,-13.7,10276659,12268826,-16.23,-
2406,國碩,266231,225566,597781,18.02,-55.46,2159165,4249292,-49.18,係因子公司產業競爭激烈、新產品尚在測試中及中美關係使政策不穩定所致
2409,友達,21259538,22958152,17431035,-7.39,21.96,135768352,161843339,-16.11,-
2426,鼎元,194175,205862,193096,-5.67,0.55,1308609,1542986,-15.18,-
2429,銘旺科,42503,71656,40687,-40.68,4.46,342635,326101,5.07,-
2438,翔耀,13822,10109,16004,36.72,-13.63,72531,139248,-47.91,客戶需求減緩影響營收
2466,冠西電,250112,156767,234568,59.54,6.62,725124,1013874,-28.47,-
2486,一詮,424143,423727,443616,0.09,-4.38,2741038,3215699,-14.76,-
2489,瑞軒,1373153,1292428,1025750,6.24,33.86,8519087,9915531,-14.08,-
2491,吉祥全,17116,17560,89876,-2.52,-80.95,101972,-200041,150.97,主係合併營收中之子公司，自112年起因營運模式調整，將金融投資所產生之損益或評價表達於營業外收入及支出項下。
3008,大立光,3489070,2696196,3913321,29.4,-10.84,20819445,23721140,-12.23,-
3019,亞光,1549057,1506770,1645534,2.8,-5.86,9835605,11007966,-10.65,-
3024,憶聲,126073,165008,165209,-23.59,-23.68,953039,945915,0.75,-
3031,佰鴻,79080,84391,135903,-6.29,-41.81,678574,921726,-26.38,-
3038,全台,407756,383256,426868,6.39,-4.47,2745172,2652023,3.51,-
3049,精金,111170,147450,143027,-24.6,-22.27,980720,1451422,-32.43,-
3050,鈺德,103692,94003,101783,10.3,1.87,647043,622851,3.88,-
3051,力特,184992,154314,257108,19.88,-28.04,1177826,1860307,-36.68,-
3059,華晶科,772022,748000,1250957,3.21,-38.28,5234434,7976092,-34.37,-
3149,正達,164089,163768,224365,0.19,-26.86,1042798,1377146,-24.27,-
3168,眾福科,308298,394678,381633,-21.88,-19.21,2437563,2956208,-17.54,-
3356,奇偶,92162,107601,99730,-14.34,-7.58,703276,716849,-1.89,-
3406,玉晶光,2148218,1156729,1946290,85.71,10.37,8142287,8201633,-0.72,-
3437,榮創,175006,147291,139464,18.81,25.48,1092144,1717100,-36.39,-
3454,晶睿,1024364,820327,850076,24.87,20.5,6011176,4834626,24.33,-
3481,群創,18515094,19348679,15760183,-4.3,17.48,119197759,143547788,-16.96,-
3504,揚明光,225923,274825,493551,-17.79,-54.22,1772656,2954216,-39.99,主要係微投光機產品線營收大幅下滑
3535,晶彩科,102641,14728,114053,596.91,-10.0,322358,947176,-65.96,本公司以銷售機台為主，112年7月出售機台較去年同期少，且112年累計出售機台較去年同期減少，此為產業特性，尚屬正常。
3543,州巧,292008,267314,281091,9.23,3.88,1837845,1869349,-1.68,-
3563,牧德,166782,189731,163991,-12.09,1.7,1276541,1324592,-3.62,-
3576,聯合再生,896183,770637,1280849,16.29,-30.03,8535503,9439742,-9.57,-
3591,艾笛森,173146,148253,147124,16.79,17.68,1100256,1090483,0.89,-
3622,洋華,172447,131285,112422,31.35,53.39,864046,1002273,-13.79,主係電線電纜產品依客戶施工需求出貨增加所致。
3714,富采,1985433,1972410,2316152,0.66,-14.27,12557338,18643020,-32.64,-
4934,太極,280793,247874,200716,13.28,39.89,1622187,1094974,48.14,-
4942,嘉彰,539303,522223,620510,3.27,-13.08,3506730,4990434,-29.73,-
4949,有成精密,378039,347551,452696,8.77,-16.49,3046537,2823034,7.91,-
4956,光鋐,95613,95195,84421,0.43,13.25,688686,714807,-3.65,-
4960,誠美材,786661,809998,775995,-2.88,1.37,5172859,6498139,-20.39,-
4976,佳凌,72689,80393,111434,-9.58,-34.76,563776,679263,-17.0,-
5234,達興材料,392611,405644,250165,-3.21,56.94,2484841,2494539,-0.38,客戶訂單增加所致
5244,弘凱,69605,74216,62184,-6.21,11.93,462263,556355,-16.91,-
5484,慧友,31300,31167,30025,0.42,4.24,217975,154847,40.76,-
6116,彩晶,1099426,1221292,1355754,-9.97,-18.9,7191053,10804471,-33.44,-
6120,達運,1662401,1803658,1378852,-7.83,20.56,9536752,9971899,-4.36,-
6164,華興,48219,61723,89999,-21.87,-46.42,423596,566261,-25.19,-
6168,宏齊,167045,164664,178300,1.44,-6.31,1154926,1593865,-27.53,-
6176,瑞儀,3864029,3555883,5984875,8.66,-35.43,24928446,31384660,-20.57,-
6209,今國光,222627,234583,293524,-5.09,-24.15,1629327,2121092,-23.18,-
6225,天瀚,3019,4351,2781,-30.61,8.55,22677,17019,33.24,-
6226,光鼎,57853,48964,69799,18.15,-17.11,399044,620012,-35.63,-
6278,台表科,4120933,4155101,6109530,-0.82,-32.54,25719238,39620228,-35.08,-
6405,悅城,17908,18712,23673,-4.29,-24.35,137295,258632,-46.91,-
6443,元晶,615480,699985,757068,-12.07,-18.7,5163283,4651255,11.0,產品特性，營收隨市場及原物料波動起伏。
6477,安集,99553,156707,265651,-36.47,-62.52,1111980,1662714,-33.12,本月模組銷售量較去年同期減少，故整體合併營收下降。
6668,中揚光,64979,77100,130284,-15.72,-50.12,521777,764418,-31.74,"客戶庫存去化調整,影響本期營收"
6706,惠特,112309,135115,346597,-16.87,-67.59,913786,3635532,-74.86,本月營收較去年同期減少，主係全球經濟衰退，故客戶拉貨速度放緩所致。
6742,澤米,35688,42366,128586,-15.76,-72.24,315252,435086,-27.54,受到整體市場影響，主要客戶庫存調整，訂單延遲所致。
6916,華凌,172007,174792,318548,-1.59,-46.0,1428727,1708949,-16.39,-
8104,錸寶,199067,221773,277014,-10.23,-28.13,1502984,1419102,5.91,-
8105,凌巨,722831,802529,891233,-9.93,-18.89,5423923,6086619,-10.88,-
8215,明基材,1531080,1601303,1271899,-4.38,20.37,10233070,9547639,7.17,-
合計,合計,77766596,78149945,78309015,-0.49,-0.69,498449525,604831982,-17.58,
2314,台揚,273437,342456,421381,-20.15,-35.1,2515393,2382073,5.59,-
2321,東訊,65888,73742,76205,-10.65,-13.53,448410,611419,-26.66,-
2332,友訊,1313959,1380736,1404034,-4.83,-6.41,9721093,9575834,1.51,本公司自民國112/4/1起取得對友勁科技(股)公司之控制，將其列入公司之子公 司，112年4月起，每月營業收入亦考量友勁科技之營收。
2345,智邦,7510271,7324446,6840989,2.53,9.78,47315626,41266730,14.65,-
2412,中華電,17520419,18654333,17184646,-6.07,1.95,125194976,120915094,3.53,-
2419,仲琦,509027,789316,937781,-35.51,-45.72,6125885,6417914,-4.55,-
2424,隴華,4244,10910,7629,-61.09,-44.37,50550,44242,14.25,-
2439,美律,2395737,2636640,3290225,-9.13,-27.18,17888430,17323137,3.26,無
2444,兆勁,151559,144431,113399,4.93,33.65,985159,934053,5.47,-
2450,神腦,2364464,2376994,2393763,-0.52,-1.22,17634197,17435731,1.13,-
2455,全新,224340,216453,190831,3.64,17.55,1213080,1766304,-31.32,-
2485,兆赫,527764,508792,589100,3.72,-10.41,3540831,3345251,5.84,-
2498,宏達電,241703,483959,304518,-50.05,-20.62,2360943,2417132,-2.32,-
3025,星通,33751,81106,41334,-58.38,-18.34,315155,283922,11.0,-
3027,盛達,118263,173554,69403,-31.85,70.4,1015009,571280,77.67,主要係售客戶儲能設備所致
3045,台灣大,14274764,15083561,13336886,-5.36,7.03,100836421,94473616,6.73,-
3047,訊舟,337567,405187,467344,-16.68,-27.76,2519251,3338045,-24.52,-
3062,建漢,359270,234040,606135,53.5,-40.72,1921774,2561054,-24.96,-
3138,耀登,170452,129978,151516,31.13,12.49,973964,917624,6.13,-
3311,閎暉,183861,170618,171920,7.76,6.94,1155850,1189420,-2.82,-
3380,明泰,1627411,2735453,2756213,-40.5,-40.95,17242076,17918281,-3.77,-
3419,譁裕,106974,105470,190773,1.42,-43.92,826351,1026524,-19.5,-
3447,展達,172897,195781,598497,-11.68,-71.11,2084061,3141463,-33.65,"本月營收減少,主係客戶需求減少所致。"
3596,智易,4466513,4223022,4183524,5.76,6.76,27625905,25371400,8.88,-
3669,圓展,221847,256438,312966,-13.48,-29.11,1469957,1896720,-22.5,-
3694,海華,840363,914853,978354,-8.14,-14.1,5461346,5546703,-1.53,-
3704,合勤控,1966629,2442042,2668282,-19.46,-26.29,17943896,15926056,12.67,-
4904,遠傳,7191825,7214258,6797046,-0.31,5.8,51195963,49424626,3.58,-
4906,正文,2122788,1979084,2300161,7.26,-7.71,16200391,13964671,16.0,-
5388,中磊,4437995,5144047,6006754,-13.72,-26.11,35763528,33896736,5.5,-
6136,富爾特,37849,40185,36608,-5.81,3.38,292522,282220,3.65,-
6142,友勁,143480,169037,302819,-15.11,-52.61,2018852,1534763,31.54,淡季及客戶需求調整
6152,百一,156640,317206,341758,-50.61,-54.16,1382080,1934822,-28.56,客戶需求減少
6216,居易,67589,65601,56370,3.03,19.9,439862,649040,-32.22,-
6285,啟��,9416592,9673362,8243938,-2.65,14.22,61310202,47875422,28.06,-
6416,瑞祺電通,270204,370754,371382,-27.12,-27.24,2359703,2753702,-14.3,-
6426,統新,36454,24033,51114,51.68,-28.68,176763,405657,-56.42,被動產品市場及雲端產品市場均需求低迷等影響所致
6442,光聖,218815,264625,352830,-17.31,-37.98,1549628,1829493,-15.29,-
6674,鋐寶科技,84642,54402,236304,55.58,-64.18,596030,1661043,-64.11,受通膨等原因影響，整體市場需求下降
6792,詠業,133907,123843,113967,8.12,17.49,805617,942326,-14.5,-
8011,台通,174635,131695,133888,32.6,30.43,995393,958466,3.85,-
8045,達運光電,260593,231230,67731,12.69,284.74,896136,557780,60.66,外銷出口暢旺
8101,華冠,11188,10461,14743,6.94,-24.11,99601,208855,-52.31,主要客戶庫存去化中
合計,合計,82748570,87908134,85715061,-5.86,-3.46,592467860,557476644,6.27,
1471,首利,20416,19050,14981,7.17,36.27,138443,143975,-3.84,-
1582,信錦,745348,725641,962758,2.71,-22.58,4737785,6530804,-27.45,-
2059,川湖,455896,423745,714280,7.58,-36.17,2931067,4374437,-32.99,-
2308,台達電,35973872,34824624,34141054,3.3,5.36,229384508,206675922,10.98,-
2313,華通,6030466,4505139,6888468,33.85,-12.45,33390077,40770442,-18.1,-
2316,楠梓電,308874,345929,384907,-10.71,-19.75,2060183,3222300,-36.06,-
2327,國巨*,8888464,8773334,10410213,1.31,-14.61,61775684,71903423,-14.08,-
2328,廣宇,2072026,2375504,1885425,-12.77,9.89,14334538,14054002,1.99,-
2355,敬鵬,1409949,1237615,1355517,13.92,4.01,9394458,10098541,-6.97,-
2367,燿華,1255904,1364811,1756020,-7.97,-28.48,8750299,9723024,-10.0,-
2368,金像電,2618597,2293656,2667513,14.16,-1.83,15909758,18396362,-13.51,-
2375,凱美,412283,409959,528019,0.56,-21.91,2792905,3614648,-22.73,-
2383,台光電,3645947,3225606,3295478,13.03,10.63,20185277,23197493,-12.98,-
2385,群光,8022391,9035308,10302508,-11.21,-22.13,56107051,67787358,-17.23,-
2392,正崴,7898761,5849537,7721549,35.03,2.29,44017516,47365197,-7.06,-
2402,毅嘉,776515,695330,600851,11.67,29.23,4772544,4037566,18.2,-
2413,環科,377944,397144,411995,-4.83,-8.26,2794941,2539483,10.05,-
2415,錩新,209693,189449,179800,10.68,16.62,1218595,1530271,-20.36,-
2420,新巨,180881,176062,231808,2.73,-21.96,1273023,1599038,-20.38,-
2421,建準,1137514,1038817,1209716,9.5,-5.96,7492661,7816091,-4.13,-
2428,興勤,591321,607352,598600,-2.63,-1.21,4126662,4297255,-3.96,-
2431,聯昌,58044,40761,120867,42.4,-51.97,350016,642176,-45.49,通膨問題導致消費者對於高階TV的購買力被民生必需品排擠，轉而購買中低階款TV，造成營收大幅下滑。
2440,太空梭,234373,207536,207441,12.93,12.98,1560671,1936044,-19.38,-
2457,飛宏,1347931,1148062,1180373,17.4,14.19,7322050,7541449,-2.9,-
2460,建通,222210,181959,203088,22.12,9.41,1348925,1853450,-27.22,-
2462,良得電,337401,278849,420166,20.99,-19.69,2131121,2871286,-25.77,-
2467,志聖,243647,237086,447143,2.76,-45.51,1939183,3006832,-35.5,-
2472,立隆電,734098,780051,880929,-5.89,-16.66,5118972,6313612,-18.92,-
2476,鉅祥,490969,501896,649311,-2.17,-24.38,3309769,3814078,-13.22,-
2478,大毅,390974,366196,348427,6.76,12.21,2634398,3088169,-14.69,-
2483,百容,142418,151675,190205,-6.1,-25.12,1072896,1392288,-22.94,-
2484,希華,197651,200870,312326,-1.6,-36.71,1395317,2056736,-32.15,-
2492,華新科,2878994,2730607,2840653,5.43,1.34,18920108,22438293,-15.67,-
2493,揚博,251893,286416,264948,-12.05,-4.92,1893815,2046874,-7.47,-
3003,健和興,319989,384783,424833,-16.83,-24.67,2498978,2901647,-13.87,-
3011,今皓,87366,106356,139198,-17.85,-37.23,668162,974239,-31.41,-
3015,全漢,1153939,1069126,1235817,7.93,-6.62,7981902,8137635,-1.91,-
3021,鴻名,227026,234060,356402,-3.0,-36.3,1667733,2248297,-25.82,-
3023,信邦,2707368,2930175,2655190,-7.6,1.96,19985526,17120611,16.73,-
3026,禾伸堂,1132231,1098743,1193913,3.04,-5.16,7999102,9345740,-14.4,-
3032,偉訓,674433,700785,500405,-3.76,34.77,4723589,3653764,29.28,-
3037,欣興,8568959,8267797,11779291,3.64,-27.25,60370072,78125272,-22.72,-
3042,晶技,941553,825641,1179482,14.03,-20.17,5665626,7910062,-28.37,-
3044,健鼎,5170416,4362136,5758566,18.52,-10.21,32842466,39689872,-17.25,-
3058,立德,291206,322655,464460,-9.74,-37.3,2210555,2668144,-17.15,-
3090,日電貿,923150,861693,922482,7.13,0.07,6041986,6875210,-12.11,-
3092,鴻碩,207198,209752,295429,-1.21,-29.86,1264859,2299494,-44.99,-
3229,晟鈦,65180,76794,92877,-15.12,-29.82,545690,414428,31.67,-
3296,勝德,136072,104417,267669,30.31,-49.16,804618,1501858,-46.42,-
3308,聯德,66654,59713,18857,11.62,253.47,407002,141641,187.34,本月營收增加，主要係出貨量增加所致
3321,同泰,152270,144795,124415,5.16,22.38,890285,1186262,-24.95,-
3338,泰碩,306754,326871,405149,-6.15,-24.28,1991554,2833327,-29.7,-
3376,新日興,911002,794456,1184575,14.66,-23.09,5134830,7194702,-28.63,-
3432,台端,1940,1595,3916,21.63,-50.45,11173,13020,-14.18,本月訂單減少所致
3501,維熹,410526,438624,515250,-6.4,-20.32,3078720,3503286,-12.11,-
3533,嘉澤,2057238,1955542,2236848,5.2,-8.02,13516154,15041355,-10.14,-
3550,聯穎,309689,289402,324052,7.0,-4.43,2134093,2489330,-14.27,-
3593,力銘,72990,55865,67825,30.65,7.61,467797,460413,1.6,-
3605,宏致,714331,690303,905263,3.48,-21.09,4827445,6443883,-25.08,-
3607,谷崧,209045,184143,218180,13.52,-4.18,1463853,1626103,-9.97,-
3645,達邁,164260,156494,86481,4.96,89.93,897605,1354333,-33.72,因去年受新冠疫情及景氣不確定性影響，營收基期較低，致使今年營收百分比較去年同期增加。
3653,健策,1078992,1009363,919515,6.89,17.34,6742494,6282639,7.31,-
3679,新至陞,302218,274804,402394,9.97,-24.89,1867340,2181078,-14.38,-
3715,定穎投控,1290570,1289295,0,0.09,,8629380,0,,定穎投控於111/08/25公司始設立
4545,銘鈺,237264,186967,243684,26.9,-2.63,1375734,1349693,1.92,-
4915,致伸,5014100,5484447,7378112,-8.57,-32.04,35756527,45555814,-21.51,-
4989,榮科,260372,308095,297198,-15.48,-12.39,2082492,2491513,-16.41,-
4999,鑫禾,126200,222184,192571,-43.2,-34.46,1105373,1366073,-19.08,-
5469,瀚宇博,3968161,3475810,4179502,14.16,-5.05,25091733,27978010,-10.31,無
6108,競國,537331,429105,650004,25.22,-17.33,3409944,4186875,-18.55,-
6115,鎰勝,574935,527545,617115,8.98,-6.83,3662966,4350677,-15.8,-
6133,金橋,95492,81822,137516,16.7,-30.55,597584,781012,-23.48,-
6141,柏承,200405,200180,282373,0.11,-29.02,1415657,2109340,-32.88,資料係自行結算數
6153,嘉聯益,1022099,858994,1547536,18.98,-33.95,5681048,7186458,-20.94,-
6155,鈞寶,44037,41276,69910,6.68,-37.0,335369,465348,-27.93,-
6191,精成科,2095855,1903263,2054916,10.11,1.99,13263468,14086212,-5.84,-
6197,佳必琪,411712,376342,392114,9.39,4.99,2560560,2396125,6.86,-
6205,詮欣,101991,81454,143506,25.21,-28.92,901578,1090994,-17.36,-
6213,聯茂,2062398,1785508,2203124,15.5,-6.38,13752588,18120650,-24.1,-
6224,聚鼎,256452,255203,254477,0.48,0.77,1634778,1776978,-8.0,-
6269,台郡,2338303,2428582,3122711,-3.71,-25.11,18557734,19926794,-6.87,-
6282,康舒,2678261,1816280,2062672,47.45,29.84,12750893,14822226,-13.97,-
6412,群電,3050159,3322282,3535141,-8.19,-13.71,20612019,24299054,-15.17,-
6449,鈺邦,266196,230596,152497,15.43,74.55,1562152,1489235,4.89,本月營收較去年同期增加74.56%，係因去年同期PC客戶調節庫存，減少拉貨。
6715,嘉基,201008,181290,294131,10.87,-31.66,1453998,1879733,-22.64,-
6805,富世達,493344,483931,400669,1.94,23.13,2795050,3111249,-10.16,-
6834,天二科技,92633,85990,86426,7.72,7.18,544031,738745,-26.35,-
6835,圓裕,201092,181382,258265,10.86,-22.13,1230315,1646554,-25.27,-
8039,台虹,800406,733628,700704,9.1,14.22,4282519,5189926,-17.48,自結數尚未經會計師簽證，特此說明。
8046,南電,3333511,3085630,5531701,8.03,-39.73,26047811,35279071,-26.16,-
8103,瀚荃,263341,238624,328303,10.35,-19.78,1689836,2387573,-29.22,係本公司自結合併營收
8213,志超,1808095,1679598,1469415,7.65,23.04,11320562,14533817,-22.1,-
8249,菱光,262532,285221,389201,-7.95,-32.54,2068956,2359993,-12.33,-
合計,合計,154015915,145822983,167981565,5.61,-8.31,1001459080,1106252306,-9.47,
2347,聯強,31728433,37748474,32658804,-15.94,-2.84,215277972,236877394,-9.11,本月營收係當月自結數，前期調整數反應在本年累計營收內
2414,精技,1886826,2057351,2375085,-8.28,-20.55,13453049,13918273,-3.34,-
2430,燦坤,1839652,1673719,1991245,9.91,-7.61,11991357,13683325,-12.36,-
3010,華立,5854910,5767235,6473883,1.52,-9.56,36400268,44319999,-17.86,-
3028,增你強,2620381,2546166,2988118,2.91,-12.3,17798767,25724920,-30.81,-
3033,威健,5912604,6444403,5167770,-8.25,14.41,39947850,39513332,1.09,-
3036,文曄,53994572,40783846,46816263,32.39,15.33,291557577,304880046,-4.36,-
3048,益登,7654010,7577002,9072811,1.01,-15.63,54650417,65575708,-16.66,上述已依IFRS申報合併營收
3055,蔚華科,100792,57449,184243,75.44,-45.29,823803,1115365,-26.14,-
3209,全科,6653841,2434576,6345141,173.3,4.86,35426611,35689977,-0.73,-
3312,弘憶股,1283610,1274700,1589595,0.69,-19.24,8344830,11535892,-27.66,-
3528,安馳,523949,501138,580146,4.55,-9.68,4114626,3790741,8.54,-
3702,大聯大,53195403,55540972,54266320,-4.22,-1.97,354638345,463187116,-23.43,-
5434,崇越,4128574,4092997,4621927,0.86,-10.67,28676270,30429838,-5.76,-
6189,豐藝,2371700,2180406,1811874,8.77,30.89,16032514,18002768,-10.94,-
6281,全國電,2155750,1965909,2337918,9.65,-7.79,12788079,13394729,-4.52,-
6776,展�眥篕�,1797122,1961799,1756354,-8.39,2.32,13045911,13622286,-4.23,-
8070,長華*,1350330,1312725,1891503,2.86,-28.61,9695254,13366413,-27.46,-
8072,陞泰,108444,95543,95134,13.5,13.99,650218,753212,-13.67,-
8112,至上,11677661,12729888,12283141,-8.26,-4.92,74018641,112858709,-34.41,-
合計,合計,196838564,188746298,195307275,4.28,0.78,1239332359,1462240043,-15.24,
2427,三商電,262646,272458,254536,-3.6,3.18,1952418,2172467,-10.12,-
2453,凌群,433346,505223,421165,-14.22,2.89,3111920,2915934,6.72,-
2468,華經,129293,156075,155200,-17.15,-16.69,1396298,1196092,16.73,-
2471,資通,63564,62230,74254,2.14,-14.39,458167,450420,1.71,-
2480,敦陽科,533226,631321,512430,-15.53,4.05,4143786,3728997,11.12,-
3029,零壹,1053873,1066594,952558,-1.19,10.63,7945263,6993501,13.6,-
4994,傳奇,142640,130669,172737,9.16,-17.42,966588,1246056,-22.42,-
5203,訊連,158817,153799,148930,3.26,6.63,1035170,972349,6.46,-
6112,邁達特,1190657,1216192,1102584,-2.09,7.98,8165039,6951464,17.45,"111/12/1逐鹿數位成為100%子公司，共同控制企業合併重編去年合併營收。本月較去年7月不含逐鹿數位增加91,022千元及8.28%。"
6183,關貿,179537,206713,160456,-13.14,11.89,1230270,1308932,-6.0,-
6214,精誠,2937159,3001574,2852649,-2.14,2.96,19497298,18263742,6.75,-
合計,合計,7084758,7402848,6807499,-4.29,4.07,49902217,46199954,8.01,
2312,金寶,12637135,12706855,15370766,-0.54,-17.78,91289514,97229341,-6.1,-
2317,鴻海,469234396,422774983,475099076,10.98,-1.23,3234645835,3393703932,-4.68,-
2354,鴻準,7560000,6063433,5448347,24.68,38.75,47630418,48037345,-0.84,-
2359,所羅門,334374,428325,311140,-21.93,7.46,2480197,3213482,-22.81,-
2360,致茂,1314570,1628753,2056033,-19.28,-36.06,10118950,11389898,-11.15,-
2373,震旦行,975320,933840,1253904,4.44,-22.21,6889634,7007294,-1.67,-
2390,云辰,55058,57265,43708,-3.85,25.96,375653,323230,16.21,-
2404,漢唐,4194839,4579880,3598081,-8.4,16.58,37386158,19401231,92.69,"營收較去年同期增加50%以上,係因本年累計正在投入進行的專案較去年同期增加所致"
2423,固緯,203639,212495,222514,-4.16,-8.48,1640338,1597380,2.68,-
2433,互盛電,242651,238712,271760,1.65,-10.71,1684169,1894574,-11.1,-
2459,敦吉,726815,621045,766310,17.03,-5.15,4007393,4194968,-4.47,-
2461,光群雷,514744,499284,511005,3.09,0.73,3277719,3815546,-14.09,-
2464,盟立,775165,686483,951112,12.91,-18.49,5119384,6181682,-17.18,-
2474,可成,1736674,2119905,2821398,-18.07,-38.44,12170174,15320782,-20.56,無
2477,美隆電,274226,188067,318855,45.81,-13.99,1301312,2369102,-45.07,-
2482,連宇,73902,140372,85375,-47.35,-13.43,1032431,587880,75.61,主要係112年上半年度客戶需求增加所致
2488,漢平,243651,290266,339607,-16.05,-28.25,1202329,1710405,-29.7,-
3018,隆銘綠能,42658,37977,92295,12.32,-53.78,376691,1004652,-62.5,本公司因部份工案已完工，現爭取新工案中，故112年7月收入相對比111年7月低。
3030,德律,252839,310090,439496,-18.46,-42.47,2355817,4200567,-43.91,-
3043,科風,161441,147433,86016,9.5,87.68,912769,597006,52.89,營收增加，主係出貨量增加所致
3305,昇貿,524971,536403,670145,-2.13,-21.66,3562942,5694562,-37.43,-
3518,柏騰,37611,37536,35045,0.19,7.32,232744,326950,-28.81,-
3617,碩天,1117240,938564,1031406,19.03,8.32,6757444,6355535,6.32,-
4585,達明,106262,64129,144075,65.7,-26.24,696414,809715,-13.99,-
4588,玖鼎電力,117919,106554,22026,10.66,435.36,703977,363477,93.67,因按照合約規範，每月出貨數量依客戶通知出貨。
6139,亞翔,4000024,4046896,3067204,-1.15,30.41,22210682,18189660,22.1,合併營收數字係自結本業合併營收，最終亞翔合併營收數字以會計師查核為準。
6192,巨路,555933,579998,536883,-4.14,3.54,3836913,3758973,2.07,-
6196,帆宣,4121894,4678558,4745747,-11.89,-13.14,31630020,26237216,20.55,-
6201,亞弘電,269427,337208,227171,-20.1,18.6,1751887,1641631,6.71,-
6215,和椿,61369,75096,175854,-18.27,-65.1,576612,1204121,-52.11,市場庫存過多
6283,淳安,108084,152883,153021,-29.3,-29.36,698804,1124723,-37.86,-
6409,旭隼,1448556,1443483,1976858,0.35,-26.72,11342251,12598153,-9.96,-
6438,迅得,372246,535189,480168,-30.44,-22.47,3561826,3166785,12.47,-
6558,興能高,111501,113261,116104,-1.55,-3.96,691330,703977,-1.79,-
6658,聯策,119003,128871,70987,-7.65,67.64,724475,760536,-4.74,客戶需求增加，營收成長
6691,洋基工程,1538797,1593003,1407876,-3.4,9.29,9640057,7702050,25.16,-
6698,旭暉應材,89328,91422,91363,-2.29,-2.22,639379,701262,-8.82,-
6743,安普新,353439,307133,459295,15.07,-23.04,2266718,3368971,-32.71,-
6830,汎銓,171692,171244,162348,0.26,5.75,1082914,957818,13.06,-
7631,聚賢研發-創,64499,70355,64394,-8.32,0.16,426736,428178,-0.33,-
8021,尖點,227029,225582,284177,0.64,-20.11,1456250,2094365,-30.46,-
8201,無敵,34317,75969,32269,-54.82,6.34,341510,382192,-10.64,-
合計,合計,517105238,470974800,526041214,9.79,-1.69,3570728770,3722351147,-4.07,
2616,山隆,1388211,1292293,1576509,7.42,-11.94,9443309,11125742,-15.12,-
6505,台塑化,53433838,53813099,76588503,-0.7,-30.23,397473372,501425701,-20.73,-
8926,台汽電,388434,447716,201522,-13.24,92.75,2948589,2062901,42.93,係子公司星能(股)依工程進度認列收入較去年同期增加。
9908,大台北,255663,257312,237531,-0.64,7.63,2007727,1945885,3.17,-
9918,欣天然,121254,140499,144160,-13.69,-15.88,1216766,1250982,-2.73,-
9926,新海,172286,167530,165373,2.83,4.18,1388219,1374637,0.98,-
9931,欣高,90192,96478,86467,-6.51,4.3,738511,753720,-2.01,-
9937,全國,2092060,1988309,2133059,5.21,-1.92,13967631,13872163,0.68,-
合計,合計,57941938,58203236,81133124,-0.44,-28.58,429184124,533811731,-19.6,
1316,上曜,53619,35617,356587,50.54,-84.96,535261,1525705,-64.91,本月及本年度減少房地收入。
1436,華友聯,37887,26663,655976,42.09,-94.22,137964,1439608,-90.41,本月及累計營收較去年同期減少，係今年交屋數量較去年同期減少所致
1438,三地開發,0,0,0,,,272237,455714,-40.26,111年累計銷售商品及土地，故營收變化大。
1439,雋揚,24130,7593,79269,217.79,-69.55,134739,378731,-64.42,本公司截至7月底營收較去年同期減少，係因本期認列交屋金額較低所致。
1442,名軒,64711,71572,69478,-9.58,-6.86,788216,462722,70.34,本年累計認收56戶，去年累計認收35戶，故兩期差異大。
1453,大將,57,57,30291,0.0,-99.81,399,180241,-99.77,"本年營收較去年同期大幅減少,係因無出售建案房屋所致."
1456,怡華,110748,200069,47436,-44.64,133.46,1159733,395374,193.32,本月認列建設收入較去年本月增加所致
1472,三洋實業,195647,163809,63099,19.43,210.06,989048,513849,92.47,本公司以專案收入為主要營收，因各財務報表期間所認列專案別不同，使得營業收入同期比較不具相同基礎，此為本公司營業特性
1805,寶徠,62095,619,39558,9931.5,56.97,142776,259790,-45.04,去年累計營收較高主要係認列康橋旭案收入較高所致。
1808,潤隆,3262113,2174708,19960,50.0,16243.25,10786530,906120,1090.4,營收變動主要係本月及本期累計房地出售收入皆較去年同期增加所致。
2442,新美齊,13353,31591,9867,-57.73,35.32,1260550,495628,154.33,本年累計營收較去年同期增加，主係本期營建專案交屋認列收入較高所致。
2501,國建,971755,2563395,2016943,-62.09,-51.82,7779581,5372961,44.79,本月交屋入帳減少
2504,國產,1687045,1618767,1832273,4.21,-7.92,11904682,11938885,-0.28,-
2505,國揚,112705,17461,270910,545.46,-58.39,397644,3358039,-88.15,"本年度營建收入391,688仟元，租賃收入5,956仟元。"
2506,太設,106539,69046,64539,54.3,65.07,590034,492000,19.92,本月交屋較去年同期多
2509,全坤建,18560,18641,15901,-0.43,16.72,126892,114869,10.46,-
2511,太子,700156,718448,1006171,-2.54,-30.41,5011119,9356847,-46.44,-
2515,中工,1594613,1632117,1219088,-2.29,30.8,10421657,7731709,34.79,-
2516,新建,770045,741550,465864,3.84,65.29,4601088,3747992,22.76,本公司部份施工處進入高峰期，故營收較去年同期增加。
2520,冠德,1229817,1259008,1525880,-2.31,-19.4,10164562,11307504,-10.1,-
2524,京城,50137,212478,135598,-76.4,-63.02,917720,1934491,-52.56,"112年度無新案完工, 以餘屋銷售為主要營收來源。"
2527,宏璟,97467,41718,42295,133.63,130.44,406339,1063989,-61.8,本月營收較去年同期高，主要係因本月房地銷售收入較高;本年累計營收較去年低主要係因本年各月平均房地銷售較去年低所致
2528,皇普,21,30710,10,-99.93,110.0,1849873,1136388,62.78,主係認列租賃收入21仟元所致。
2530,華建,718,1443,1011,-50.24,-28.98,7903,444817,-98.22,"本年度出售房地收入較去年度減少437,828仟元,本年度租金收入較去年度同期增加914仟元."
2534,宏盛,153477,89039,465493,72.37,-67.02,1759753,2700207,-34.82,本月成屋銷售情形較去年同期減少。
2535,達欣工,1101869,1068839,1324551,3.09,-16.81,7717696,9515791,-18.89,-
2536,宏普,14993,24224,13657,-38.1,9.78,144005,564279,-74.47,今年本期僅有租賃收入，因此營收較少
2537,聯上發,2128,192,49400,1008.33,-95.69,198217,1406167,-85.9,本月營收較去年減少，係去年同期認列台北市房地出售收入較高所致。
2538,基泰,17006,16724,26987,1.68,-36.98,154808,226243,-31.57,-
2539,櫻花建,0,8903,732130,-100.0,-100.0,2242711,3900328,-42.49,無異常，本月無建案過戶。
2540,愛山林,603430,758843,388128,-20.48,55.47,4094424,2511073,63.05,本月營收增加，主係不動產代銷個案銷售成長、增加營造收入及建案完工交屋所致。
2542,興富發,4368285,3535760,181592,23.54,2305.54,21197212,8947796,136.89,本月較去年同期增加，主要係本月認列「新橫濱-星野區」及「國家大院」等建案收入所致。
2543,皇昌,980518,949804,633839,3.23,54.69,5772932,4620520,24.94,部分工程進入施工高峰期，致本期營收較去年同期增加
2545,皇翔,419346,236520,904436,77.29,-53.63,1597658,4919760,-67.52,因去年同期成屋銷售情形較本月佳所致
2546,根基,1013343,1213627,1261109,-16.5,-19.64,8235195,6264115,31.46,-
2547,日勝生,685364,791603,429425,-13.42,59.6,3760426,3143521,19.62,本月較去年同月增加，主係去年底開始認列再生水廠營收所致。
2548,華固,184513,12979,1229035,1321.62,-84.98,6503685,13944197,-53.35,本公司截至7月底累計營收較去年同期減少，係因本期認列交屋金額較低所致。
2597,潤弘,1853016,1989168,1894600,-6.84,-2.19,12268462,13227020,-7.24,-
3052,夆典,217728,387957,167491,-43.87,29.99,1873488,1542551,21.45,-
3056,富華新,261906,657258,111586,-60.15,134.71,1074805,2213696,-51.44,營收變化係建案完工交屋戶數多寡差異。
3266,昇陽,1038536,265846,133554,290.65,677.61,1864101,2271659,-17.94,因營建收入受政策、全部完工法及建案規模不同等影響，故營收波動較大。
3703,欣陸,2101212,2825281,2009945,-25.62,4.54,16870599,20274121,-16.78,-
5515,建國,371439,302032,453909,22.98,-18.16,2382470,2920104,-18.41,-
5519,隆大,81182,241860,273679,-66.43,-70.33,1396423,2106980,-33.72,本年較去年同期減少主係因去年同期J36案完工過戶認列房地收入；今年同期自建案僅餘屋銷售過戶所致。
5521,工信,564183,441372,526120,27.82,7.23,2945833,2547084,15.65,無
5522,遠雄,1446483,648455,1638958,123.06,-11.74,8263208,13400073,-38.33,-
5525,順天,1298489,358375,136415,262.32,851.86,2143773,4038847,-46.92,本月份主要營收為母公司順天謙華成屋收入
5531,鄉林,99742,94774,111951,5.24,-10.9,2788160,832315,234.98,建設業之銷售進度及狀況深受景氣榮枯及市場現狀影響，且建築個案之完工時間並非固定時點，故月營收的表現上會有較大之波動。
5533,皇鼎,207168,201724,666090,2.69,-68.89,2685640,4546402,-40.92,本月營收較去年同期減少50%以上，係兩期個案營收組成因子不同。
5534,長虹,194660,161735,375411,20.35,-48.14,1375956,5479701,-74.88,本月較去年同期減少，係因「雲端科技」個案減少完成產權移轉予客戶認列收入所致。
6177,達麗,2950414,133530,61937,2109.55,4663.57,5149597,6959803,-26.0,本月較去年同期增加，主係「覆鼎金段」建案完工過戶所致。
9906,欣巴巴,455850,783337,361537,-41.8,26.08,3609224,2532616,42.5,本月營收與上月營收之差異，係有個案已進入交屋過戶尾聲。與去年同期與累計營收之差異，係有新個案及成屋入帳所致。
9946,三發地產,64230,83067,363580,-22.67,-82.33,458938,1357452,-66.19,本月及累月營收較去年同期減少，係因去年預售建案完工交屋入帳所致。
合計,合計,33914448,29919908,26894549,13.35,26.1,200915946,213928394,-6.08,
2208,台船,2250202,2310287,1572886,-2.6,43.06,13545778,11362681,19.21,-
2603,長榮,23424088,22130811,62799441,5.84,-62.7,157634969,408623313,-61.42,運價受市場供需影響，以致收入減少。
2605,新興,325830,366120,283538,-11.0,14.91,2399551,2159019,11.14,-
2606,裕民,1839307,1263718,1651326,45.54,11.38,8344384,8457622,-1.33,-
2607,榮運,1267700,1283389,1686328,-1.22,-24.82,8571446,10583117,-19.0,-
2608,嘉里大榮,1006987,996571,1060943,1.04,-5.08,6829096,7444345,-8.26,-
2609,陽明,11455953,12424596,36749405,-7.79,-68.82,83455765,252901155,-67.0,受市場供需影響，運價下跌所致
2610,華航,16491568,17541813,12936378,-5.98,27.48,106374533,87019308,22.24,-
2611,志信,53467,53253,66758,0.4,-19.9,342894,478400,-28.32,-
2612,中航,365136,317692,399538,14.93,-8.61,2278215,2625384,-13.22,-
2613,中櫃,263710,257901,273017,2.25,-3.4,1759759,1887478,-6.76,-
2615,萬海,8235347,8166677,23902539,0.84,-65.54,58263421,179531125,-67.54,運價下跌
2617,台航,314794,322669,334578,-2.44,-5.91,2280502,2154922,5.82,-
2618,長榮航,18691487,17636392,11866739,5.98,57.51,111726525,75288568,48.39,客運需求持續暢旺，故營業收入增加
2630,亞航,339222,469435,384986,-27.73,-11.88,2729594,2271857,20.14,-
2633,台灣高鐵,4069922,4019151,2991101,1.26,36.06,28527268,18647054,52.98,疫情影響減退，運量回升。
2634,漢翔,3259283,2913854,2740052,11.85,18.94,22740384,15867825,43.31,-
2636,台驊控股,1196379,1078437,2237452,10.93,-46.52,7979049,20386007,-60.86,因貨量增長帶動本月營收較上月增長11%；112年累計營收較去年同期減少仍受運價下跌影響所致
2642,宅配通,367933,364014,379005,1.07,-2.92,2413920,2621896,-7.93,-
2645,長榮航太,1338651,1474346,934471,-9.2,43.25,8440620,6751232,25.02,-
2646,星宇航空,2266356,2129659,206632,6.41,996.8,12147544,838715,1348.35,營收續創佳績。
5607,遠雄港,245038,228104,265497,7.42,-7.7,1626034,1889820,-13.95,-
5608,四維航,306389,300348,680732,2.01,-54.99,2070342,4189350,-50.58,運價受市場供需影響，以致收入減少。
6753,龍德造船,332552,298367,354191,11.45,-6.1,2830982,2136657,32.49,-
6757,台灣虎航,1263840,1090801,54396,15.86,2223.4,6737073,361656,1762.84,本公司7月單月及累計營收創歷史新高，係國境自去(111)年10月13日解封，航班恢復及票價提升所致。
8367,建新國際,181284,178723,217977,1.43,-16.83,1231250,1335171,-7.78,無
合計,合計,101152425,99617128,167029906,1.54,-39.44,663280898,1127813677,-41.18,
2701,萬企,29106,24358,20132,19.49,44.57,177236,133957,32.3,-
2702,華園,141127,124972,150799,12.92,-6.41,836802,749637,11.62,-
2704,國賓,92276,91205,101444,1.17,-9.03,753501,791597,-4.81,營收減少係因高雄國賓營運至112年1月31日
2705,六福,207028,157573,189565,31.38,9.21,1149302,704563,63.12,營收較去年同期累積成長主要係疫情解封，六福村及萬怡酒店營收成長所致。
2706,第一店,28926,28175,24195,2.66,19.55,197129,165951,18.78,-
2707,晶華,541909,529751,468972,2.29,15.55,3883291,2932331,32.43,-
2712,遠雄來,84028,55817,68203,50.54,23.2,386684,233131,65.86,本月營收較去年同期增加65.87%，主係疫情趨緩帶動東部旅遊人次增加所致
2722,夏都,96447,75217,118711,28.22,-18.75,480924,451637,6.48,-
2727,王品,1950153,1727793,1635548,12.86,19.23,12899389,9815780,31.41,-
2731,雄獅,2288122,2197873,197588,4.1,1058.02,11084932,1167006,849.86,受惠政府解除國外組團禁令，觀光需求活絡帶動本公司營收增長，故本月較去年同期成長幅度較高。
2739,寒舍,371114,371411,279768,-0.07,32.65,2673293,1615948,65.43,係因疫情趨緩，銷售狀況逐漸恢復正常所致。
2748,雲品,186048,150904,166842,23.28,11.51,1291583,1048271,23.21,-
2753,八方雲集,639927,588702,591395,8.7,8.2,4137873,3843850,7.64,-
5706,鳳凰,303887,196713,9933,54.48,2959.36,1171807,54503,2049.98,受惠於解除國外旅遊團禁令，本月營收較去年同期成長大幅增加。
8940,新天地,119031,93287,48444,27.59,145.7,851835,467984,82.02,本月營業收入較去年同期增加，係去年同期疫情再度爆發所致。
9943,好樂迪,234444,231599,197756,1.22,18.55,1668596,1252950,33.17,-
合計,合計,7313573,6645350,4269295,10.05,71.3,43644177,25429096,71.63,
2801,彰銀,3480273,3714259,3549913,-6.29,-1.96,23197155,19511794,18.88,-
2812,台中銀,1563728,1596145,1436922,-2.03,8.82,10016193,8424183,18.89,-
2816,旺旺保,988022,926399,813502,6.65,21.45,5964683,4690844,27.15,-
2820,華票,216811,164044,73896,32.16,193.4,1404973,1010487,39.03,主係本月金融商品評價利益增加所致。
2832,台產,589717,641929,563873,-8.13,4.58,3990940,3582195,11.41,-
2834,臺企銀,3176299,2933682,2906096,8.27,9.29,19092709,15843581,20.5,-
2836,高雄銀,363164,407431,309915,-10.86,17.18,2309929,2377310,-2.83,-
2838,聯邦銀,1692317,1667045,1561893,1.51,8.35,10702334,8409545,27.26,-
2845,遠東銀,1172180,1219587,1028245,-3.88,13.99,7581085,6520716,16.26,-
2849,安泰銀,476487,498476,460264,-4.41,3.52,3447524,3600382,-4.24,-
2850,新產,1833973,1722079,1579846,6.49,16.08,11587931,10829359,7.0,-
2851,中再保,1989437,1983233,1417889,0.31,40.3,12956958,13042199,-0.65,-
2852,第一保,678127,676034,640231,0.3,5.91,4292238,4049657,5.99,-
2855,統一證,1607856,1466896,597285,9.6,169.19,6337798,3152970,101.01,今年單月營收及累計營收較去年同期增加，主因今年泛自營業務操作獲利優於去年同期所致。
2867,三商壽,14587040,14186747,9493797,2.82,53.64,77425055,62271223,24.33,本月營業收入淨額較去年同期增加，主係淨投資損益增加所致。
2880,華南金,5715642,5790021,6118042,-1.28,-6.57,34936969,31944220,9.36,-
2881,富邦金,24988120,32068410,23387403,-22.07,6.84,123183562,249413716,-50.61,本年累計營業收入淨額較去年累計減少，主係保險淨收益減少(保險賠款給付增加)及投資相關淨收益因兌換利益減少所致。
2882,國泰金,41694789,46817602,25795642,-10.94,61.63,203992824,263591906,-22.61,本月營業收入淨額較去年同期增加，主係投資收益增加所致。
2883,凱基金,6350571,11090260,7869616,-42.73,-19.3,35265538,82429456,-57.21,因兌換利益減少及保險業務淨收益減少(保險賠款給付增加)，致本公司本年累計營業收入淨額較去年同期減少。
2884,玉山金,5597849,5215990,6085993,7.32,-8.02,36910778,31768359,16.18,-
2885,元大金,11633153,12139392,9043816,-4.17,28.63,61765758,59336410,4.09,-
2886,兆豐金,7217266,8223300,7120270,-12.23,1.36,45978566,34405838,33.63,-
2887,台新新光金,6647316,6326381,4579492,5.07,45.15,43478804,35625704,22.04,-
2889,國票金,739937,723449,690148,2.27,7.21,4338322,3828067,13.32,-
2890,永豐金,5403903,5336365,4728509,1.26,14.28,31920617,28819039,10.76,-
2891,中信金,18037055,17748261,15576298,1.62,15.79,80527276,116428444,-30.83,-
2892,第一金,6384754,6360488,7321542,0.38,-12.79,41529910,39678069,4.66,-
2897,王道銀行,848024,1049648,893584,-19.2,-5.09,5936595,5269264,12.66,-
5876,上海商銀,4711164,5502934,4730874,-14.38,-0.41,29526863,24986707,18.17,-
5880,合庫金,5961716,5975965,6505321,-0.23,-8.35,36366473,30053315,21.0,-
6005,群益證,1164164,1092651,927194,6.54,25.55,6752915,4431698,52.37,主係自營轉虧為盈
6024,群益期,181230,144870,240420,25.09,-24.61,1102595,1599302,-31.05,-
合計,合計,187692084,205409973,158047731,-8.62,18.75,1023821870,1210925959,-15.45,
2601,益航,391449,434440,465054,-9.89,-15.82,3251043,3791797,-14.26,-
2901,欣欣,12252,11380,10378,7.66,18.05,75718,69903,8.31,-
2903,遠百,2758676,2568184,2770769,7.41,-0.43,20296931,18977708,6.95,-
2905,三商,20627863,22909899,13639081,-9.96,51.24,110364051,130135028,-15.19,主係(1)採用覆蓋法重分類之損失，去年當月同期較本期增加45億 (2)本期匯率升值幅度較去年當月同期大，致兌換利益增加20億。
2906,高林,661932,740995,713089,-10.66,-7.17,4451311,5463422,-18.52,-
2908,特力,2980772,3383389,2946815,-11.89,1.15,20846634,22875882,-8.87,-
2910,統領,41859,107328,38141,-60.99,9.74,341898,345070,-0.91,-
2911,麗嬰房,210090,205678,266685,2.14,-21.22,1757385,1783474,-1.46,-
2912,統一超,27901261,26176157,25537871,6.59,9.25,180961805,164335661,10.11,-
2913,農林,34285,31956,36201,7.28,-5.29,222335,212705,4.52,-
2915,潤泰全,214824,204904,228155,4.84,-5.84,1612184,1766619,-8.74,-
2945,三商家購,1258802,1175978,1283566,7.04,-1.92,8012706,8153615,-1.72,-
8443,阿瘦,86047,87314,100263,-1.45,-14.17,681815,733592,-7.05,-
合計,合計,57180112,58037602,48036068,-1.47,19.03,352875816,358644476,-1.6,
3708,上緯投控,607258,535066,679366,13.49,-10.61,4024099,5788501,-30.48,-
5292,華懋,114600,140755,124870,-18.58,-8.22,1150944,1058455,8.73,本公司完工百分比法係以投入成本為完工進度基礎，各期依工程安排時間不同而產生差異
6581,鋼聯,152413,186127,167760,-18.11,-9.14,1126629,1446544,-22.11,-
6771,平和環保-創,49838,48576,60509,2.59,-17.63,349547,380904,-8.23,-
6806,森崴能源,848971,568488,117837,49.33,620.46,4136892,2222950,86.09,主要係因離岸之主要工程開始施作認列收入所致
6869,雲豹能源,585559,1548204,753063,-62.17,-22.24,3544638,2805829,26.33,-
6873,泓德能源,128510,607826,107082,-78.85,20.01,2173683,1219041,78.31,本年營收較去年同期營收增加，主要係因承接工程案件依進度認列收入所致
6923,中台,79251,97004,79778,-18.3,-0.66,645632,438009,47.4,-
6944,兆聯實業,629663,754874,921552,-16.58,-31.67,4976908,5677760,-12.34,-
6951,青新-創,37565,41185,37220,-8.78,0.92,266427,259718,2.58,-
7610,聯友金屬-創,48341,90886,16260,-46.81,197.3,480689,286607,67.71,銷售數量及品項增加，致營收增加
8341,日友,260653,236974,291676,9.99,-10.63,1890850,2252729,-16.06,-
8422,可寧衛,158104,372105,398929,-57.51,-60.36,2693376,2786152,-3.32,土 壤整治專案完成，營收減少
8438,昶昕,252684,265735,282123,-4.91,-10.43,1790300,2364777,-24.29,-
8473,山林水,252943,351424,328329,-28.02,-22.96,2251684,2219573,1.44,-
8476,台境*,111191,489377,234158,-77.27,-52.51,1013319,1284920,-21.13,因中油汙染整治案已於111年底完工，致112年7月單月及累計營收較去年度下降。
9930,中聯資源,1036397,1026321,980550,0.98,5.69,7319027,6772121,8.07,-
9955,佳龍,90561,63800,85625,41.94,5.76,692960,744931,-6.97,-
合計,合計,5444502,7424727,5666687,-26.67,-3.92,40527604,40009521,1.29,
3130,一零四,225568,205767,194456,9.62,15.99,1356491,1266956,7.06,-
6165,浪凡,214993,234987,242920,-8.5,-11.49,1559774,1664682,-6.3,-
6689,伊雲谷,768978,778270,685053,-1.19,12.25,5346891,4882677,9.5,-
6902,GOGOLOOK,56636,59080,30989,-4.13,82.76,428592,217267,97.26,本年度營收較去年度增加，主係於海內外市場大幅擴張與各產品線佈局有成所致。
6906,現觀科,19855,18767,17811,5.79,11.47,140739,188901,-25.49,-
7722,LINEPAY,429834,362091,300652,18.7,42.96,2628561,1937900,35.63,-
8454,富邦媒,8458758,9275849,7937347,-8.8,6.56,59791213,56013214,6.74,-
8487,愛爾達-創,53231,76608,43426,-30.51,22.57,545650,366869,48.73,-
合計,合計,10227853,11011419,9452654,-7.11,8.2,71797911,66538466,7.9,
1432,大魯閣,135685,112502,111611,20.6,21.56,765103,597169,28.12,-
1598,岱宇,514829,413317,448166,24.56,14.87,4259323,4085873,4.24,-
1736,喬山,2764855,3131669,2009065,-11.71,37.61,18436494,16100518,14.5,-
4536,拓凱,595104,773824,865598,-23.09,-31.24,5855096,5724205,2.28,-
5306,桂盟,405342,421011,640723,-3.72,-36.73,2931390,4462485,-34.31,-
6670,復盛應用,1590795,1643318,2597223,-3.19,-38.75,13762143,19002678,-27.57,-
8462,柏文,374990,358181,293742,4.69,27.65,2389358,2033623,17.49,-
8478,東哥遊艇,398478,649468,296568,-38.64,34.36,3437466,3221462,6.7,主係認列遊艇銷貨收入增加所致
9904,寶成,19087032,20652965,23003923,-7.58,-17.02,146548874,158604743,-7.6,-
9910,豐泰,7781588,7282668,8494558,6.85,-8.39,47940719,55652953,-13.85,合併營業收入為本公司自結數.
9914,美利達,2745883,2154430,3256264,27.45,-15.67,18547295,20196532,-8.16,-
9921,巨大,6493721,7670315,9163350,-15.33,-29.13,49049889,54165543,-9.44,-
合計,合計,42888302,45263668,51180791,-5.24,-16.2,313923150,343847784,-8.7,
2062,橋椿,690865,664608,660951,3.95,4.52,4109171,5401092,-23.91,-
3557,嘉威,330540,313621,359103,5.39,-7.95,2787611,3523769,-20.89,-
6754,匯僑設計,413704,331272,489318,24.88,-15.45,2188872,2609749,-16.12,-
8464,億豐,2216534,2369223,2493171,-6.44,-11.09,14990868,17701841,-15.31,-
9911,櫻花,677489,630384,667660,7.47,1.47,4511738,4755814,-5.13,-
9924,福興,636773,717057,992611,-11.19,-35.84,4520830,5669288,-20.25,-
9934,成霖,1547890,1546296,1506098,0.1,2.77,10763335,11934594,-9.81,-
9935,慶豐富,459792,341199,472316,34.75,-2.65,2397150,3234456,-25.88,-
合計,合計,6973587,6913660,7641228,0.86,-8.73,46269575,54830603,-15.61,
1342,八貫,188476,223920,214641,-15.82,-12.19,1448097,1456675,-0.58,-
1416,廣豐,23230,20086,22451,15.65,3.46,165584,154732,7.01,-
1435,中福,745,742,1067,0.4,-30.17,5213,8177,-36.24,-
1437,勤益控,154015,58940,123460,161.3,24.74,495962,476607,4.06,-
1443,立益物流,56804,62602,63796,-9.26,-10.95,403165,464270,-13.16,-
1516,川飛,53983,40136,217961,34.5,-75.23,477362,972172,-50.89,降低生煤買賣比例所致
2348,海悅,515107,572705,341010,-10.05,51.05,2531062,2667716,-5.12,本月增減百分比達50％以上，係因個案銷售狀況良好
2496,卓越,66691,53736,63384,24.1,5.21,411366,374965,9.7,-
2514,龍邦,2021412,2010818,678320,0.52,198.0,7470032,4649826,60.65,本公司因合併泰山(1218)，致營收較去年同期增加。
2614,東森,494653,474872,538118,4.16,-8.07,3321994,3416915,-2.77,-
2904,匯僑,35684,37043,41951,-3.66,-14.93,265511,278918,-4.8,-
3040,遠見,14308,12319,13205,16.14,8.35,88567,87472,1.25,-
6184,大豐電,170802,181005,165923,-5.63,2.94,1200871,1160274,3.49,-
6464,台數科,340985,342120,345552,-0.33,-1.32,2408347,2470055,-2.49,-
6504,南六,407446,473273,450852,-13.9,-9.62,3476785,3280651,5.97,-
6585,鼎基,209469,213976,254596,-2.1,-17.72,1481514,1584924,-6.52,-
6592,和潤企業,2403106,2366130,1967486,1.56,22.14,15888110,12614955,25.94,-
6625,必應,296719,192449,48517,54.18,511.57,1131253,369227,206.38,主要係因本期參與製作之演製活動等較去年同期增加所致
6655,科定,199587,187620,208228,6.37,-4.14,1279920,1277818,0.16,-
6901,鑽石投資,-931084,371771,-152799,-350.44,-509.35,-2329619,568642,-509.68,營業收入為投資標的之評價損益(含已實現及未實現)，本月及本年累計較去年同期減少係上櫃及興櫃投資標的公允價值變動。
6914,阜爾運通,358449,369040,271972,-2.86,31.79,2382364,1824283,30.59,-
6952,大武山,103232,91829,109872,12.41,-6.04,571233,650940,-12.24,-
6958,日盛台駿,928633,829784,690985,11.91,34.39,5938495,4727927,25.6,本公司於111年12月與臺灣工銀租賃股份有限公司合併，112年為吸收合併後之營收公告。
8033,雷虎,65193,91606,89114,-28.83,-26.84,571865,598812,-4.5,-
8463,潤泰材,423134,451587,373645,-6.3,13.24,2904197,2054514,41.35,-
8481,政伸,72166,75467,120095,-4.37,-39.9,578245,861478,-32.87,-
9902,台火,1155,584,18647,97.77,-93.8,65956,67973,-2.96,本月營收較去年同期減少，主要係本月無銷售投標車輛及進口汽車之營收所致
9905,大華,880811,767533,941787,14.75,-6.47,5173611,5204829,-0.59,-
9907,統一實,2890136,3308602,4242111,-12.64,-31.87,21687154,26794002,-19.05,-
9917,中保科,1431195,1441884,1246390,-0.74,14.82,9768747,8777930,11.28,-
9919,康那香,236879,269613,309769,-12.14,-23.53,1748962,1914797,-8.66,-
9925,新保,635720,765099,631362,-16.91,0.69,4542920,4423281,2.7,-
9927,泰銘,769553,776296,781853,-0.86,-1.57,5238646,5800155,-9.68,-
9928,中視,71182,89189,72766,-20.18,-2.17,505561,477395,5.89,-
9929,秋雨,59298,56878,44423,4.25,33.48,375657,315374,19.11,-
9933,中鼎,8276730,7898632,7859156,4.78,5.31,53968461,52662987,2.47,-
9938,百和,1035897,942241,1340178,9.93,-22.7,6762175,10640606,-36.44,-
9939,宏全,2480254,2561970,2360564,-3.18,5.07,15765521,14549162,8.36,-
9940,信義,976427,1135048,1062504,-13.97,-8.1,8784268,8126516,8.09,-
9941,裕融,3584420,3500679,3093859,2.39,15.85,23747568,20438731,16.18,-
9942,茂順,412917,432767,349111,-4.58,18.27,2835878,2248485,26.12,-
9944,新麗,154522,185525,231139,-16.71,-33.14,1350359,1697692,-20.45,-
9945,潤泰新,1665515,1970152,2846856,-15.46,-41.49,14973036,16781167,-10.77,-
合計,合計,34235556,35908268,34695877,-4.65,-1.32,231861975,229974027,0.82,
